ENABLE,PDCAPREFIX,PDCANAME,DUTCOMMAND,TIMEOUT,PLUGIN,ATLASCOMMAND,MDPARSER,REGEX,EXPECT,PARAMETER,LIMITGROUP,RETESTPOLICY,HANGTIMEOUT,BGCT,COF
0,2001,RTOS_Setup_Boot,FIXTURESIGNAL_BOOT_RTOS,60,Rush,restore,0,,SEGPE>,PERTOS,xVT,AAB,,,1
1,2002,print test plan version,echo >>>> TEST_PLAN V0.8.6 - Tonga A0 - 20191207 <<<<,5,Rush,echo,0,,PASS echo >>>> TEST_PLAN V0.8.4 - Tonga A0 - 20191204 <<<<,PERTOS,xVT,AAB,,,1
1,2003,DUMP-PERTOS-INFO,buildinfo,5,Dut,sendCommand,0,,PASS buildinfo,PERTOS,xVT,AAB,,,1
1,2004,DUMP-FUSE-CONFIG,fuse config,5,Dut,sendCommand,0,,PASS fuse config,PERTOS,xVT,AAB,,,1
1,2005,DUMP-FUSE-ECID,fuse ecid,5,Dut,sendCommand,0,,PASS fuse ecid,PERTOS,xVT,AAB,,,1
1,2006,DUMP-FUSE-CONFIG,fuse raw,5,Dut,sendCommand,0,,PASS fuse raw,PERTOS,xVT,AAB,,,1
1,2007,DUM-DDR-INFO-1,ddr print info,5,Dut,sendCommand,0,,PASS ddr print info,PERTOS,xVT,AAB,,,1
1,2008,SET-DDR-FSX,mmu ddr-protect fsx,5,Dut,sendCommand,0,,PASS mmu ddr-protect fsx,PERTOS,xVT,AAB,,,1
1,2009,SET-BIN-VOLTAGE,pmgr vmode bin,5,Dut,sendCommand,0,,PASS pmgr vmode bin,PERTOS,xVT,AAB,,,1
1,2010,SET-DDR1V1-D3,pmgr update-volt -vd 3 1060000,5,Dut,sendCommand,0,,PASS pmgr update-volt -vd 3 1060000,PERTOS,xVT,AAB,,,1
1,2011,SET-DDR1V1-D4,pmgr update-volt -vd 4 1060000,5,Dut,sendCommand,0,,PASS pmgr update-volt -vd 4 1060000,PERTOS,xVT,AAB,,,1
1,2012,SET-DDR1V1-D5,pmgr update-volt -vd 5 1060000,5,Dut,sendCommand,0,,PASS pmgr update-volt -vd 5 1060000,PERTOS,xVT,AAB,,,1
1,2013,SET-DDR1V1-D6,pmgr update-volt -vd 6 1060000,5,Dut,sendCommand,0,,PASS pmgr update-volt -vd 6 1060000,PERTOS,xVT,AAB,,,1
1,2014,SET-DRAM-Fresh-Rate-Relax,ddr trefi soc,5,Dut,sendCommand,0,,PASS ddr trefi soc,PERTOS,xVT,AAB,,,1
1,2015,DUMP-PMU-RAILS,pmu rails,5,Dut,sendCommand,0,,PASS pmu rails,PERTOS,xVT,AAB,,,1
1,2016,SET-CLK-JITTER-10,os jitter 10,5,Dut,sendCommand,0,,PASS os jitter 10,PERTOS,xVT,AAB,,,1
1,2017,SET-TEMP-SENSOR-AUTO,ts reset auto,5,Dut,sendCommand,0,,PASS ts reset auto,PERTOS,xVT,AAB,,,1
1,2018,SET-INIT-MTR-TEMP-SENSOR,ts init mtr,5,Dut,sendCommand,0,,PASS ts init mtr,PERTOS,xVT,AAB,,,1
1,2019,SET-TEMP-SENSOR,ts rd,5,Dut,sendCommand,0,,PASS ts rd,PERTOS,xVT,AAB,,,1
1,2020,SET-TOOHOT-93,therm toohot 93 10 93 10 7 1,5,Dut,sendCommand,0,,PASS therm toohot 93 10 93 10 7 1,PERTOS,xVT,AAB,,,1
1,2021,SET-SOCHOT-113,therm sochot 113,5,Dut,sendCommand,0,,PASS therm sochot 113,PERTOS,xVT,AAB,,,1
1,2022,SET-ACC-UP,slave up acc,5,Dut,sendCommand,0,,PASS slave up acc,PERTOS,xVT,AAB,,,1
1,2023,SET-ANE-ON,pmgr ane on,5,Dut,sendCommand,0,,PASS pmgr ane on,PERTOS,xVT,AAB,,,1
1,2024,SET-PERF-0x6532145,pmgr mode 0x9502145,5,Dut,sendCommand,0,,PASS pmgr mode 0x9502145,PERTOS,xVT,AAB,,,1
1,2025,TEST-SC54-DRAM-PKG,sc run 54,5,Dut,sendCommand,0,,PASS sc run 54,PERTOS,xVT,A -> FA,,,1
1,2026,ECHO-ANE+BBQ-SECTION,echo >>>> ANE + BBQ Tests <<<<,5,Rush,echo,0,,PASS echo >>>> ANE + BBQ Tests <<<<,PERTOS,xVT,AAB,,,1
1,2027,SET-ACC-WFI-PG-EN,os idle wfi,5,Dut,sendCommand,0,,PASS os idle wfi,PERTOS,xVT,AAB,,,1
1,2028,SET-BBQ-3P-AMX-ANE-CFG-1,bbq config fg 625 0 4 150  0 0 E B,5,Dut,sendCommand,0,,PASS bbq config fg 625 0 4 150  0 0 E B,PERTOS,xVT,AAB,,,1
1,2029,SET-BBQ-3P-AMX-ANE-CFG-2,bbq config 0xEF 500 150 5 100 24 6 E B,5,Dut,sendCommand,0,,PASS bbq config 0xEF 500 150 5 100 24 6 E B,PERTOS,xVT,AAB,,,1
1,2030,SET-BBQ-ON,bbq on,15,Dut,sendCommand,0,,PASS bbq on,PERTOS,xVT,A -> FA,,,1
1,2031,TEST-SC173-3P-AMX-ANE-1,sc run 173 5 -coremask 0x10,15,Dut,sendCommand,0,,PASS sc run 173 5 -coremask 0x10,PERTOS,xVT,A -> FA,,,1
1,2032,TEST-SC184-3P-AMX-ANE-1,sc run 184 5 -coremask 0x10,5,Dut,sendCommand,0,,PASS sc run 184 5 -coremask 0x10,PERTOS,xVT,AAB,,,1
1,2033,SET-BBQ-3P-AMX-ANE-CFG-2,bbq config 0xDF 500 150 5 100 24 6 E B,15,Dut,sendCommand,0,,PASS bbq config 0xDF 500 150 5 100 24 6 E B,PERTOS,xVT,A -> FA,,,1
1,2034,TEST-SC173-3P-AMX-ANE-2,sc run 173 5 -coremask 0x20,15,Dut,sendCommand,0,,PASS sc run 173 5 -coremask 0x20,PERTOS,xVT,A -> FA,,,1
1,2035,TEST-SC184-3P-AMX-ANE-2,sc run 184 5 -coremask 0x20,5,Dut,sendCommand,0,,PASS sc run 184 5 -coremask 0x20,PERTOS,xVT,AAB,,,1
1,2036,SET-BBQ-3P-AMX-ANE-CFG-3,bbq config 0xBF 500 150 5 100 24 6 E B,15,Dut,sendCommand,0,,PASS bbq config 0xBF 500 150 5 100 24 6 E B,PERTOS,xVT,A -> FA,,,1
1,2037,TEST-SC173-3P-AMX-ANE-3,sc run 173 5 -coremask 0x40,15,Dut,sendCommand,0,,PASS sc run 173 5 -coremask 0x40,PERTOS,xVT,A -> FA,,,1
1,2038,TEST-SC184-3P-AMX-ANE-3,sc run 184 5 -coremask 0x40,5,Dut,sendCommand,0,,PASS sc run 184 5 -coremask 0x40,PERTOS,xVT,AAB,,,1
1,2039,SET-BBQ-3P-AMX-ANE-CFG-4,bbq config 0x7F 500 150 5 100 24 6 E B,15,Dut,sendCommand,0,,PASS bbq config 0x7F 500 150 5 100 24 6 E B,PERTOS,xVT,A -> FA,,,1
1,2040,TEST-SC173-3P-AMX-ANE-4,sc run 173 5 -coremask 0x80,15,Dut,sendCommand,0,,PASS sc run 173 5 -coremask 0x80,PERTOS,xVT,A -> FA,,,1
1,2041,TEST-SC184-3P-AMX-ANE-4,sc run 184 5 -coremask 0x80,5,Dut,sendCommand,0,,PASS sc run 184 5 -coremask 0x80,PERTOS,xVT,AAB,,,1
1,2042,SET-ACC-WFE-PG-DIS,os idle wfe,5,Dut,sendCommand,0,,PASS os idle wfe,PERTOS,xVT,AAB,,,1
1,2043,SET-BBQ-B-CFG1,bbq config fg 625 0 4 150  0 0 E B,5,Dut,sendCommand,0,,PASS bbq config fg 625 0 4 150  0 0 E B,PERTOS,xVT,AAB,,,1
1,2044,SET-BBQ-B-CFG2,bbq config 0xFF 500 150 5 100 24 6 E B,5,Dut,sendCommand,0,,PASS bbq config 0xFF 500 150 5 100 24 6 E B,PERTOS,xVT,AAB,,,1
1,2045,SET-BBQ-ON-2,bbq on,5,Dut,sendCommand,0,,PASS bbq on,PERTOS,xVT,AAB,,,1
1,2046,ECHO-ACC+BBQ-SECTION,echo >>>> ACC + BBQ Tests <<<<,5,Rush,echo,0,,PASS echo >>>> ACC + BBQ Tests <<<<,PERTOS,xVT,AAB,,,1
1,2047,SET-PERF-0x1102134-P1,pmgr mode 0x1102134,10,Dut,sendCommand,0,,PASS pmgr mode 0x1102134,PERTOS,xVT,A -> FA,,,1
1,2048,TEST-SC6-Core-M$-Bonfire-P1,sc run 6 5,50,Dut,sendCommand,0,,PASS sc run 6 5,PERTOS,xVT,A -> FA,,,1
1,2049,TEST-SC7-L2C-Bonfire-P1,sc run 7 5,5,Dut,sendCommand,0,,PASS sc run 7 5,PERTOS,xVT,A -> FA,,,1
1,2050,TEST-SC13-ACC-iCache-P1,sc run 13 5,5,Dut,sendCommand,0,,PASS sc run 13 5,PERTOS,xVT,A -> FA,,,1
1,2051,TEST-SC19-Mcore-BBQ-P1,sc run 19 5,5,Dut,sendCommand,0,,PASS sc run 19 5,PERTOS,xVT,A -> FA,,,1
1,2052,TEST-SC27-AMX-P1,sc run 27 5,10,Dut,sendCommand,0,,PASS sc run 27 5,PERTOS,xVT,A -> FA,,,1
1,2053,TEST-SC499-uRBM-LVCC-P1,sc run 499 5,5,Dut,sendCommand,0,,PASS sc run 499 5,PERTOS,xVT,AAB,,,1
1,2054,SET-PERF-0x2232134-P2,pmgr mode 0x2202134,10,Dut,sendCommand,0,,PASS pmgr mode 0x2202134,PERTOS,xVT,A -> FA,,,1
1,2055,TEST-SC6-Core-M$-Bonfire-P2,sc run 6 5,40,Dut,sendCommand,0,,PASS sc run 6 5,PERTOS,xVT,A -> FA,,,1
1,2056,TEST-SC7-L2C-Bonfire-P2,sc run 7 5,5,Dut,sendCommand,0,,PASS sc run 7 5,PERTOS,xVT,A -> FA,,,1
1,2057,TEST-SC13-ACC-iCache-P2,sc run 13 5,5,Dut,sendCommand,0,,PASS sc run 13 5,PERTOS,xVT,A -> FA,,,1
1,2058,TEST-SC19-Mcore-BBQ-P2,sc run 19 5,5,Dut,sendCommand,0,,PASS sc run 19 5,PERTOS,xVT,A -> FA,,,1
1,2059,TEST-SC27-AMX-P2,sc run 27 5,10,Dut,sendCommand,0,,PASS sc run 27 5,PERTOS,xVT,A -> FA,,,1
1,2060,TEST-SC499-uRBM-LVCC-P2,sc run 499 5,5,Dut,sendCommand,0,,PASS sc run 499 5,PERTOS,xVT,AAB,,,1
1,2061,SET-PERF-0x3332134,pmgr mode 0x3302134,10,Dut,sendCommand,0,,PASS pmgr mode 0x3302134,PERTOS,xVT,A -> FA,,,1
1,2062,TEST-SC6-Core-M$-Bonfire-P3,sc run 6 5,30,Dut,sendCommand,0,,PASS sc run 6 5,PERTOS,xVT,A -> FA,,,1
1,2063,TEST-SC7-L2C-Bonfire-P3,sc run 7 5,5,Dut,sendCommand,0,,PASS sc run 7 5,PERTOS,xVT,A -> FA,,,1
1,2064,TEST-SC13-ACC-iCache-P3,sc run 13 5,5,Dut,sendCommand,0,,PASS sc run 13 5,PERTOS,xVT,A -> FA,,,1
1,2065,TEST-SC19-Mcore-BBQ-P3,sc run 19 5,5,Dut,sendCommand,0,,PASS sc run 19 5,PERTOS,xVT,A -> FA,,,1
1,2066,TEST-SC27-AMX-P3,sc run 27 5,10,Dut,sendCommand,0,,PASS sc run 27 5,PERTOS,xVT,A -> FA,,,1
1,2067,TEST-SC499-uRBM-LVCC-P3,sc run 499 5,5,Dut,sendCommand,0,,PASS sc run 499 5,PERTOS,xVT,AAB,,,1
1,2068,SET-PERF-0x4432145,pmgr mode 0x4402145,10,Dut,sendCommand,0,,PASS pmgr mode 0x4402145,PERTOS,xVT,A -> FA,,,1
1,2069,TEST-SC6-Core-M$-Bonfire-P4,sc run 6 5,30,Dut,sendCommand,0,,PASS sc run 6 5,PERTOS,xVT,A -> FA,,,1
1,2070,TEST-SC7-L2C-Bonfire-P4,sc run 7 5,5,Dut,sendCommand,0,,PASS sc run 7 5,PERTOS,xVT,A -> FA,,,1
1,2071,TEST-SC13-ACC-iCache-P4,sc run 13 5,5,Dut,sendCommand,0,,PASS sc run 13 5,PERTOS,xVT,A -> FA,,,1
1,2072,TEST-SC19-Mcore-BBQ-P4,sc run 19 5,5,Dut,sendCommand,0,,PASS sc run 19 5,PERTOS,xVT,A -> FA,,,1
1,2073,TEST-SC27-AMX-P4,sc run 27 5,10,Dut,sendCommand,0,,PASS sc run 27 5,PERTOS,xVT,A -> FA,,,1
1,2074,TEST-SC499-uRBM-LVCC-P4,sc run 499 5,5,Dut,sendCommand,0,,PASS sc run 499 5,PERTOS,xVT,AAB,,,1
1,2075,SET-PERF-0x5532145,pmgr mode 0x5502145,10,Dut,sendCommand,0,,PASS pmgr mode 0x5502145,PERTOS,xVT,A -> FA,,,1
1,2076,TEST-SC6-Core-M$-Bonfire-P5,sc run 6 5,20,Dut,sendCommand,0,,PASS sc run 6 5,PERTOS,xVT,A -> FA,,,1
1,2077,TEST-SC7-L2C-Bonfire-P5,sc run 7 5,5,Dut,sendCommand,0,,PASS sc run 7 5,PERTOS,xVT,A -> FA,,,1
1,2078,TEST-SC13-ACC-iCache-P5,sc run 13 5,5,Dut,sendCommand,0,,PASS sc run 13 5,PERTOS,xVT,A -> FA,,,1
1,2079,TEST-SC19-Mcore-BBQ-P5,sc run 19 5,5,Dut,sendCommand,0,,PASS sc run 19 5,PERTOS,xVT,A -> FA,,,1
1,2080,TEST-SC27-AMX-P5,sc run 27 5,10,Dut,sendCommand,0,,PASS sc run 27 5,PERTOS,xVT,A -> FA,,,1
1,2081,TEST-SC499-uRBM-LVCC-P5,sc run 499 5,5,Dut,sendCommand,0,,PASS sc run 499 5,PERTOS,xVT,AAB,,,1
1,2082,SET-PERF-0x6532145,pmgr mode 0x6502145,10,Dut,sendCommand,0,,PASS pmgr mode 0x6502145,PERTOS,xVT,A -> FA,,,1
1,2083,TEST-SC6-Core-M$-Bonfire-P6,sc run 6 5,20,Dut,sendCommand,0,,PASS sc run 6 5,PERTOS,xVT,A -> FA,,,1
1,2084,TEST-SC7-L2C-Bonfire-P6,sc run 7 5,5,Dut,sendCommand,0,,PASS sc run 7 5,PERTOS,xVT,A -> FA,,,1
1,2085,TEST-SC13-ACC-iCache-P6,sc run 13 5,5,Dut,sendCommand,0,,PASS sc run 13 5,PERTOS,xVT,A -> FA,,,1
1,2086,TEST-SC19-Mcore-BBQ-P6,sc run 19 5,5,Dut,sendCommand,0,,PASS sc run 19 5,PERTOS,xVT,A -> FA,,,1
1,2087,TEST-SC27-AMX-P6,sc run 27 5,10,Dut,sendCommand,0,,PASS sc run 27 5,PERTOS,xVT,A -> FA,,,1
1,2088,TEST-SC499-uRBM-LVCC-P6,sc run 499 5,5,Dut,sendCommand,0,,PASS sc run 499 5,PERTOS,xVT,AAB,,,1
1,2089,SET-PERF-0x7532145,pmgr mode 0x7502145,10,Dut,sendCommand,0,,PASS pmgr mode 0x7502145,PERTOS,xVT,A -> FA,,,1
1,2090,TEST-SC6-Core-M$-Bonfire-P7,sc run 6 5,15,Dut,sendCommand,0,,PASS sc run 6 5,PERTOS,xVT,A -> FA,,,1
1,2091,TEST-SC7-L2C-Bonfire-P7,sc run 7 5,5,Dut,sendCommand,0,,PASS sc run 7 5,PERTOS,xVT,A -> FA,,,1
1,2092,TEST-SC13-ACC-iCache-P7,sc run 13 5,5,Dut,sendCommand,0,,PASS sc run 13 5,PERTOS,xVT,A -> FA,,,1
1,2093,TEST-SC19-Mcore-BBQ-P7,sc run 19 5,5,Dut,sendCommand,0,,PASS sc run 19 5,PERTOS,xVT,A -> FA,,,1
1,2094,TEST-SC27-AMX-P7,sc run 27 5,10,Dut,sendCommand,0,,PASS sc run 27 5,PERTOS,xVT,A -> FA,,,1
1,2095,TEST-SC499-uRBM-LVCC-P7,sc run 499 5,5,Dut,sendCommand,0,,PASS sc run 499 5,PERTOS,xVT,AAB,,,1
1,2096,SET-PERF-0x8532145,pmgr mode 0x8502145,10,Dut,sendCommand,0,,PASS pmgr mode 0x8502145,PERTOS,xVT,A -> FA,,,1
1,2097,TEST-SC6-Core-M$-Bonfire-P8,sc run 6 5,15,Dut,sendCommand,0,,PASS sc run 6 5,PERTOS,xVT,A -> FA,,,1
1,2098,TEST-SC7-L2C-Bonfire-P8,sc run 7 5,5,Dut,sendCommand,0,,PASS sc run 7 5,PERTOS,xVT,A -> FA,,,1
1,2099,TEST-SC13-ACC-iCache-P8,sc run 13 5,5,Dut,sendCommand,0,,PASS sc run 13 5,PERTOS,xVT,A -> FA,,,1
1,2100,TEST-SC19-Mcore-BBQ-P8,sc run 19 5,5,Dut,sendCommand,0,,PASS sc run 19 5,PERTOS,xVT,A -> FA,,,1
1,2101,TEST-SC27-AMX-P8,sc run 27 5,10,Dut,sendCommand,0,,PASS sc run 27 5,PERTOS,xVT,A -> FA,,,1
1,2102,TEST-SC499-uRBM-LVCC-P8,sc run 499 5,5,Dut,sendCommand,0,,PASS sc run 499 5,PERTOS,xVT,AAB,,,1
1,2103,SET-PERF-4P-ANE-0x9532145,pmgr mode 0x9502145,10,Dut,sendCommand,0,,PASS pmgr mode 0x9502145,PERTOS,xVT,A -> FA,,,1
1,2104,TEST-SC6-Core-M$-Bonfire-P9,sc run 6 5,15,Dut,sendCommand,0,,PASS sc run 6 5,PERTOS,xVT,A -> FA,,,1
1,2105,TEST-SC7-L2C-Bonfire-P9,sc run 7 5,5,Dut,sendCommand,0,,PASS sc run 7 5,PERTOS,xVT,A -> FA,,,1
1,2106,TEST-SC13-ACC-iCache-P9,sc run 13 5,5,Dut,sendCommand,0,,PASS sc run 13 5,PERTOS,xVT,A -> FA,,,1
1,2107,TEST-SC19-Mcore-BBQ-P9,sc run 19 5,5,Dut,sendCommand,0,,PASS sc run 19 5,PERTOS,xVT,A -> FA,,,1
1,2108,TEST-SC27-AMX-P9,sc run 27 5,10,Dut,sendCommand,0,,PASS sc run 27 5,PERTOS,xVT,A -> FA,,,1
1,2109,TEST-SC499-uRBM-LVCC-P9,sc run 499 5,5,Dut,sendCommand,0,,PASS sc run 499 5,PERTOS,xVT,AAB,,,1
1,2110,SET-PERF-3P-ANE-0x9532145,pmgr mode 0xa502145,10,Dut,sendCommand,0,,PASS pmgr mode 0xa502145,PERTOS,xVT,A -> FA,,,1
1,2111,TEST-SC6-Core-M$-Bonfire-Pa,sc run 6 5,15,Dut,sendCommand,0,,PASS sc run 6 5,PERTOS,xVT,A -> FA,,,1
1,2112,TEST-SC7-L2C-Bonfire-Pa,sc run 7 5,5,Dut,sendCommand,0,,PASS sc run 7 5,PERTOS,xVT,A -> FA,,,1
1,2113,TEST-SC13-ACC-iCache-Pa,sc run 13 5,5,Dut,sendCommand,0,,PASS sc run 13 5,PERTOS,xVT,A -> FA,,,1
1,2114,TEST-SC19-Mcore-BBQ-Pa,sc run 19 5,5,Dut,sendCommand,0,,PASS sc run 19 5,PERTOS,xVT,A -> FA,,,1
1,2115,TEST-SC27-AMX-Pa,sc run 27 5,10,Dut,sendCommand,0,,PASS sc run 27 5,PERTOS,xVT,A -> FA,,,1
1,2116,TEST-SC499-uRBM-LVCC-Pa,sc run 499 5,5,Dut,sendCommand,0,,PASS sc run 499 5,PERTOS,xVT,AAB,,,1
1,2117,SET-BBQ-OFF,bbq off,5,Dut,sendCommand,0,,PASS bbq off,PERTOS,xVT,AAB,,,1
1,2118,ECHO-DRAM-TEST-SECTION,echo >>>> DRAM Tests <<<<,5,Rush,echo,0,,PASS echo >>>> DRAM Tests <<<<,PERTOS,xVT,AAB,,,1
1,2119,SET-PERF-0xb532146,pmgr mode 0xb532146,5,Dut,sendCommand,0,,PASS pmgr mode 0xb532146,PERTOS,xVT,AAB,,,1
1,2120,SET-DCS-PG-ON-PbE5D6,ddr dcspg on,5,Dut,sendCommand,0,,PASS ddr dcspg on,PERTOS,xVT,AAB,,,1
1,2121,SET-MEM-COF-20-PbE5D6,mem cof 20,5,Dut,sendCommand,0,,PASS mem cof 20,PERTOS,xVT,AAB,,,1
1,2122,SET-MEM-VERBOSE-PbE5D6,mem vrb 2,5,Dut,sendCommand,0,,PASS mem vrb 2,PERTOS,xVT,AAB,,,1
1,2123,SET-MEM-SWITCHER,switcher pattern ramp 2000000 -alt=10000 -jitter=1000 -clk:d=6_4_5_4_6_5 -cpu=2 -on,5,Dut,sendCommand,0,,PASS switcher pattern ramp 2000000 -alt=10000 -jitter=1000 -clk:d=6_4_5_4_6_5 -cpu=2 -on,PERTOS,xVT,AAB,,,1
1,2124,SET-OCLAMON-CFG,oclamon adc config -e -p -c 7 -m -peak_min,5,Dut,sendCommand,0,,PASS oclamon adc config -e -p -c 7 -m -peak_min,PERTOS,xVT,AAB,,,1
1,2125,SET-OCLAMON-ON,oclamon adc on,5,Dut,sendCommand,0,,PASS oclamon adc on,PERTOS,xVT,AAB,,,1
1,2126,SET-OCLAMON-DVFM,oclamon teldvfm on,5,Dut,sendCommand,0,,PASS oclamon teldvfm on,PERTOS,xVT,AAB,,,1
1,2127,SET-OCLAMON-TAG-ON,oclamon scenario_tags on,20,Dut,sendCommand,0,,PASS oclamon scenario_tags on,PERTOS,xVT,A -> FA,,,1
1,2128,TEST-SC674-DRAM-64Bit-RET-PbE5D6,sc run 674,120,Dut,sendCommand,0,,PASS sc run 674,PERTOS,xVT,A -> FA,,,1
1,2129,TEST-SC700-DRAM-32Bit-PbE5D6,sc run 760,800,Dut,sendCommand,0,,PASS sc run 760,PERTOS,xVT,A -> FA,,,1
1,2130,TEST-SC760-DRAM-64Bit-PbE5D6,sc run 700,1200,Dut,sendCommand,0,,PASS sc run 700,PERTOS,xVT,A -> FA,,,1
1,2131,TEST-SC63-DRAM-Retention-PbE5D6,sc run 63,100,Dut,sendCommand,0,,PASS sc run 63,PERTOS,xVT,A -> FA,,,1
1,2132,TEST-SC58-DRAM-KHM-PbE5D6,sc run 58,20,Dut,sendCommand,0,,PASS sc run 58,PERTOS,xVT,AAB,,,1
1,2133,SET-MEM-VERBOSE-PbE5D6,mem vrb 1,5,Dut,sendCommand,0,,PASS mem vrb 1,PERTOS,xVT,AAB,,,1
1,2134,SET-MEM-COF-0-PbE5D6,mem cof 0,5,Dut,sendCommand,0,,PASS mem cof 0,PERTOS,xVT,AAB,,,1
1,2135,SET-Switcher-Reset,switcher off -reset,20,Dut,sendCommand,0,,PASS switcher off -reset,PERTOS,xVT,AAB,,,1
1,2136,SET-DCS-PG-OOFF-PbE5D6,ddr dcspg off,5,Dut,sendCommand,0,,PASS ddr dcspg off,PERTOS,xVT,A -> FA,,,1
1,2137,TEST-SC62-DRAM-ReFresh,sc run 62 5,5,Dut,sendCommand,0,,PASS sc run 62 5,PERTOS,xVT,AAB,,,1
1,2138,TEST-DDR-Margin,ddr margin test 0x363 15,5,Dut,sendCommand,0,,PASS ddr margin test 0x363 15,PERTOS,xVT,AAB,,,1
1,2139,TEST-DDR-Vref-P5D5,ddr vref test 0x363 4 4 4 4,5,Dut,sendCommand,0,,PASS ddr vref test 0x363 4 4 4 4,PERTOS,xVT,AAB,,,1
1,2140,SET-PERF-0x6532145,pmgr mode 0x6532145,5,Dut,sendCommand,0,,PASS pmgr mode 0x6532145,PERTOS,xVT,AAB,,,1
1,2141,TEST-DDR-Vref-P5D5,ddr vref test 0x363 4 4 4 4,5,Dut,sendCommand,0,,PASS ddr vref test 0x363 4 4 4 4,PERTOS,xVT,AAB,,,1
1,2142,SET-PERF-0x6532146,pmgr mode 0x6532146,5,Dut,sendCommand,0,,PASS pmgr mode 0x6532146,PERTOS,xVT,AAB,,,1
1,2143,SET-DCS-PG-ON-P6E5D6,ddr dcspg on,5,Dut,sendCommand,0,,PASS ddr dcspg on,PERTOS,xVT,AAB,,,1
1,2144,SET-Switch-To-DRAM,xfer con,5,Dut,sendCommand,0,,PASS xfer con,PERTOS,xVT,AAB,,,1
1,2145,SET-DISABLE-HEARTBEAT,os heartbeat 0,5,Dut,sendCommand,0,,PASS os heartbeat 0,PERTOS,xVT,AAB,,,1
1,2146,SET-DDR-FSX,mmu ddr-protect fsx,5,Dut,sendCommand,0,,PASS mmu ddr-protect fsx,PERTOS,xVT,AAB,,,1
1,2147,SET-MOUNT-USB-FS-2,fs mount ddr,5,Dut,sendCommand,0,,PASS fs mount ddr,PERTOS,xVT,AAB,,,1
1,2148,SET-ACC-UP-2,slave up acc,5,Dut,sendCommand,0,,PASS slave up acc,PERTOS,xVT,AAB,,,1
1,2149,Print GFX test section,echo >>>> GFX Tests <<<<,5,Rush,echo,0,,PASS echo >>>> GFX Tests <<<<,PERTOS,xVT,A -> FA,,,1
1,2150,SET-PERF-0x2502146,pmgr mode 0x2502146,5,Dut,sendCommand,0,,PASS pmgr mode 0x2502146,PERTOS,xVT,AAB,,,1
1,2151,TEST-SC30-GFX-G1,sc run 30 5,120,Dut,sendCommand,0,,PASS sc run 30 5,PERTOS,xVT,A -> FA,,,1
1,2152,SET-PERF-0x2502246,pmgr mode -g 2,5,Dut,sendCommand,0,,PASS pmgr mode -g 2,PERTOS,xVT,AAB,,,1
1,2153,TEST-SC30-GFX-G2,sc run 30 5,120,Dut,sendCommand,0,,PASS sc run 30 5,PERTOS,xVT,A -> FA,,,1
1,2154,SET-PERF-0x2502346,pmgr mode -g 3,5,Dut,sendCommand,0,,PASS pmgr mode -g 3,PERTOS,xVT,AAB,,,1
1,2155,TEST-SC30-GFX-G3,sc run 30 5,120,Dut,sendCommand,0,,PASS sc run 30 5,PERTOS,xVT,A -> FA,,,1
1,2156,SET-PERF-0x2502446,pmgr mode -g 4,5,Dut,sendCommand,0,,PASS pmgr mode -g 4,PERTOS,xVT,AAB,,,1
1,2157,TEST-SC30-GFX-G4,sc run 30 5,120,Dut,sendCommand,0,,PASS sc run 30 5,PERTOS,xVT,A -> FA,,,1
1,2158,SET-PERF-0x2502546,pmgr mode -g 5,5,Dut,sendCommand,0,,PASS pmgr mode -g 5,PERTOS,xVT,AAB,,,1
1,2159,TEST-SC30-GFX-G5,sc run 30 5,120,Dut,sendCommand,0,,PASS sc run 30 5,PERTOS,xVT,A -> FA,,,1
1,2160,SET-PERF-0x2502646,pmgr mode -g 6,5,Dut,sendCommand,0,,PASS pmgr mode -g 6,PERTOS,xVT,AAB,,,1
1,2161,TEST-SC30-GFX-G6,sc run 30 5,120,Dut,sendCommand,0,,PASS sc run 30 5,PERTOS,xVT,A -> FA,,,1
1,2162,SET-PERF-0x2502746,pmgr mode -g 7,5,Dut,sendCommand,0,,PASS pmgr mode -g 7,PERTOS,xVT,AAB,,,1
1,2163,TEST-SC30-GFX-G7,sc run 30 5,5,Dut,sendCommand,0,,PASS sc run 30 5,PERTOS,xVT,AAB,,,1
1,2164,ECHO-ANE-TEST,echo >>>> ANE Tests <<<<,5,Rush,echo,0,,PASS echo >>>> ANE Tests <<<<,PERTOS,xVT,A -> FA,,,1
1,2165,SET-PERF-0x2212146,pmgr mode 0x2212146,5,Dut,sendCommand,0,,PASS pmgr mode 0x2212146,PERTOS,xVT,A -> FA,,,1
1,2166,TEST-ANE-DRAM-P2,sc run 100 5,5,Dut,sendCommand,0,,PASS sc run 100 5,PERTOS,xVT,AAB,,,1
1,2167,TEST-ANE-EXT-DRAM-P2,sc run 163 5,5,Dut,sendCommand,0,,PASS sc run 163 5,PERTOS,xVT,A -> FA,,,1
1,2168,SET-PERF-0x3232146,pmgr mode -p 3,5,Dut,sendCommand,0,,PASS pmgr mode -p 3,PERTOS,xVT,A -> FA,,,1
1,2169,TEST-ANE-DRAM-P3,sc run 100 5,5,Dut,sendCommand,0,,PASS sc run 100 5,PERTOS,xVT,AAB,,,1
1,2170,TEST-ANE-EXT-DRAM-P3,sc run 163 5,5,Dut,sendCommand,0,,PASS sc run 163 5,PERTOS,xVT,A -> FA,,,1
1,2171,SET-PERF-0x4232146,pmgr mode -p 4,5,Dut,sendCommand,0,,PASS pmgr mode -p 4,PERTOS,xVT,A -> FA,,,1
1,2172,TEST-ANE-DRAM-P4,sc run 100 5,5,Dut,sendCommand,0,,PASS sc run 100 5,PERTOS,xVT,AAB,,,1
1,2173,TEST-ANE-EXT-DRAM-P4,sc run 163 5,5,Dut,sendCommand,0,,PASS sc run 163 5,PERTOS,xVT,A -> FA,,,1
1,2174,SET-PERF-0x5232146,pmgr mode -p 5,5,Dut,sendCommand,0,,PASS pmgr mode -p 5,PERTOS,xVT,A -> FA,,,1
1,2175,TEST-ANE-DRAM-P5,sc run 100 5,5,Dut,sendCommand,0,,PASS sc run 100 5,PERTOS,xVT,AAB,,,1
1,2176,TEST-ANE-EXT-DRAM-P5,sc run 163 5,5,Dut,sendCommand,0,,PASS sc run 163 5,PERTOS,xVT,A -> FA,,,1
1,2177,SET-PERF-0x6232146,pmgr mode -p 6,5,Dut,sendCommand,0,,PASS pmgr mode -p 6,PERTOS,xVT,A -> FA,,,1
1,2178,TEST-ANE-DRAM-P6,sc run 100 5,5,Dut,sendCommand,0,,PASS sc run 100 5,PERTOS,xVT,AAB,,,1
1,2179,TEST-ANE-EXT-DRAM-P6,sc run 163 5,5,Dut,sendCommand,0,,PASS sc run 163 5,PERTOS,xVT,A -> FA,,,1
1,2180,SET-PERF-0x7232146,pmgr mode -p 7,5,Dut,sendCommand,0,,PASS pmgr mode -p 7,PERTOS,xVT,A -> FA,,,1
1,2181,TEST-ANE-DRAM-P7,sc run 100 5,5,Dut,sendCommand,0,,PASS sc run 100 5,PERTOS,xVT,AAB,,,1
1,2182,TEST-ANE-EXT-DRAM-P7,sc run 163 5,5,Dut,sendCommand,0,,PASS sc run 163 5,PERTOS,xVT,A -> FA,,,1
1,2183,SET-PERF-0x8232146,pmgr mode -p 8,5,Dut,sendCommand,0,,PASS pmgr mode -p 8,PERTOS,xVT,A -> FA,,,1
1,2184,TEST-ANE-DRAM-P8,sc run 100 5,5,Dut,sendCommand,0,,PASS sc run 100 5,PERTOS,xVT,AAB,,,1
1,2185,TEST-ANE-EXT-DRAM-P8,sc run 163 5,5,Dut,sendCommand,0,,PASS sc run 163 5,PERTOS,xVT,A -> FA,,,1
1,2186,SET-PERF-0x9232146,pmgr mode -p 9,5,Dut,sendCommand,0,,PASS pmgr mode -p 9,PERTOS,xVT,A -> FA,,,1
1,2187,TEST-ANE-DRAM-P9,sc run 100 5,5,Dut,sendCommand,0,,PASS sc run 100 5,PERTOS,xVT,AAB,,,1
1,2188,TEST-ANE-EXT-DRAM-P9,sc run 163 5,5,Dut,sendCommand,0,,PASS sc run 163 5,PERTOS,xVT,A -> FA,,,1
1,2189,SET-PERF-0xa232146,pmgr mode -p 0xa,5,Dut,sendCommand,0,,PASS pmgr mode -p 0xa,PERTOS,xVT,A -> FA,,,1
1,2190,TEST-ANE-DRAM-Pa,sc run 100 5,5,Dut,sendCommand,0,,PASS sc run 100 5,PERTOS,xVT,AAB,,,1
1,2191,TEST-ANE-EXT-DRAM-Pa,sc run 163 5,5,Dut,sendCommand,0,,PASS sc run 163 5,PERTOS,xVT,A -> FA,,,1
1,2192,SET-PERF-0xb232146,pmgr mode -p 0xb,5,Dut,sendCommand,0,,PASS pmgr mode -p 0xb,PERTOS,xVT,A -> FA,,,1
1,2193,TEST-ANE-DRAM-Pb,sc run 100 5,5,Dut,sendCommand,0,,PASS sc run 100 5,PERTOS,xVT,AAB,,,1
1,2194,TEST-ANE-EXT-DRAM-Pb,sc run 163 5,5,Dut,sendCommand,0,,PASS sc run 163 5,PERTOS,xVT,AAB,,,1
1,2195,ECHO-3P-ANE-TEST,echo >>>> 3P + ANE <<<<,5,Rush,echo,0,,PASS echo >>>> 3P + ANE <<<<,PERTOS,xVT,AAB,,,1
1,2196,SET-PERF-0xa202146-2,pmgr mode 0xa202146,5,Dut,sendCommand,0,,PASS pmgr mode 0xa202146,PERTOS,xVT,A -> FA,,,1
1,2197,SET-ACC-WFI-PG-EN-2,os idle wfi,5,Dut,sendCommand,0,,PASS os idle wfi,PERTOS,xVT,A -> FA,,,1
1,2198,TEST-3P-ANE-DRAM-Pa-0x10,sc run 100 5 -coremask 0x10,5,Dut,sendCommand,0,,PASS sc run 100 5 -coremask 0x10,PERTOS,xVT,A -> FA,,,1
1,2199,TEST-3P-ANE-DRAM-Pa-0x20,sc run 100 5 -coremask 0x20,5,Dut,sendCommand,0,,PASS sc run 100 5 -coremask 0x20,PERTOS,xVT,A -> FA,,,1
1,2200,TEST-3P-ANE-DRAM-Pa-0x40,sc run 100 5 -coremask 0x40,5,Dut,sendCommand,0,,PASS sc run 100 5 -coremask 0x40,PERTOS,xVT,A -> FA,,,1
1,2201,TEST-3P-ANE-DRAM-Pa-0x80,sc run 100 5 -coremask 0x80,5,Dut,sendCommand,0,,PASS sc run 100 5 -coremask 0x80,PERTOS,xVT,A -> FA,,,1
1,2202,TEST-3P-ANE-DRAM-Pa-0x10,sc run 163 5 -coremask 0x10,5,Dut,sendCommand,0,,PASS sc run 163 5 -coremask 0x10,PERTOS,xVT,A -> FA,,,1
1,2203,TEST-3P-ANE-DRAM-Pa-0x20,sc run 163 5 -coremask 0x20,5,Dut,sendCommand,0,,PASS sc run 163 5 -coremask 0x20,PERTOS,xVT,A -> FA,,,1
1,2204,TEST-3P-ANE-DRAM-Pa-0x40,sc run 163 5 -coremask 0x40,5,Dut,sendCommand,0,,PASS sc run 163 5 -coremask 0x40,PERTOS,xVT,AAB,,,1
1,2205,TEST-3P-ANE-DRAM-Pa-0x80,sc run 163 5 -coremask 0x80,5,Dut,sendCommand,0,,PASS sc run 163 5 -coremask 0x80,PERTOS,xVT,AAB,,,1
1,2206,SET-ACC-WFE-PG-DIS-2,os idle wfe,5,Dut,sendCommand,0,,PASS os idle wfe,PERTOS,xVT,AAB,,,1
1,2207,ECHO-uRBM-ANE-TEST,echo >>>> uRBM + ANE Tests <<<<,5,Rush,echo,0,,PASS echo >>>> uRBM + ANE Tests <<<<,PERTOS,xVT,A -> FA,,,1
1,2208,SET-PERF-0x2232134,pmgr mode 0x2232134,5,Dut,sendCommand,0,,PASS pmgr mode 0x2232134,PERTOS,xVT,A -> FA,,,1
1,2209,TEST-SC403-ANE-uRBM-LVCC-V2,sc run 403 3,5,Dut,sendCommand,0,,PASS sc run 403 3,PERTOS,xVT,A -> FA,,,1
1,2210,TEST-SC403-ANE-uRBM-LVCC,sc run 401 3,5,Dut,sendCommand,0,,PASS sc run 401 3,PERTOS,xVT,A -> FA,,,1
1,2211,TEST-SC403-ANE-uRBM-38-PV1,sc run 191,5,Dut,sendCommand,0,,PASS sc run 191,PERTOS,xVT,A -> FA,,,1
1,2212,TEST-SC403-ANE-uRBM-PEVmove,sc run 187,5,Dut,sendCommand,0,,PASS sc run 187,PERTOS,xVT,A -> FA,,,1
1,2213,TEST-SC403-ANE-uRBM-PV1,sc run 186,5,Dut,sendCommand,0,,PASS sc run 186,PERTOS,xVT,AAB,,,1
1,2214,TEST-SC403-ANE-uRBM-Fillpatt128,sc run 188,5,Dut,sendCommand,0,,PASS sc run 188,PERTOS,xVT,AAB,,,1
1,2215,SET-PERF-0x2232146,pmgr mode 0x2532146,5,Dut,sendCommand,0,,PASS pmgr mode 0x2532146,PERTOS,xVT,AAB,,,1
1,2216,SET-MMU-LINEAR,mmu ddr-linear,5,Dut,sendCommand,0,,PASS mmu ddr-linear,PERTOS,xVT,AAB,,,1
1,2217,SET-SIO-UP,slave up sio mar_dram.con alloc,5,Dut,sendCommand,0,,PASS slave up sio mar_dram.con alloc,PERTOS,xVT,AAB,,,1
1,2218,SET-ISP-UP,slave up isp mar_dram.con alloc,5,Dut,sendCommand,0,,PASS slave up isp mar_dram.con alloc,PERTOS,xVT,AAB,,,1
1,2219,SET-ISP1-UP,slave up isp1 mar_dram.con alloc,5,Dut,sendCommand,0,,PASS slave up isp1 mar_dram.con alloc,PERTOS,xVT,AAB,,,1
1,2220,SET-SMC-UP,slave up smc mar_dram.con alloc,5,Dut,sendCommand,0,,PASS slave up smc mar_dram.con alloc,PERTOS,xVT,AAB,,,1
1,2221,SET-SVE-UP,slave up sve mar_dram.con alloc,5,Dut,sendCommand,0,,PASS slave up sve mar_dram.con alloc,PERTOS,xVT,AAB,,,1
1,2222,SET-PMS-UP,slave up pms mar_dram.con alloc,5,Dut,sendCommand,0,,PASS slave up pms mar_dram.con alloc,PERTOS,xVT,AAB,,,1
1,2223,SET-AOP-UP,slave up aop mar_dram.con alloc,5,Dut,sendCommand,0,,PASS slave up aop mar_dram.con alloc,PERTOS,xVT,AAB,,,1
1,2224,SET-GFX-UP,slave up gfx mar_dram.con alloc,5,Dut,sendCommand,0,,PASS slave up gfx mar_dram.con alloc,PERTOS,xVT,AAB,,,1
1,2225,SET-ANE-UP,slave up ane mar_dram.con alloc,5,Dut,sendCommand,0,,PASS slave up ane mar_dram.con alloc,PERTOS,xVT,AAB,,,1
1,2226,SET-DISPINT-UP,slave up dispint mar_dram.con alloc,5,Dut,sendCommand,0,,PASS slave up dispint mar_dram.con alloc,PERTOS,xVT,AAB,,,1
1,2227,SET-DISPEXT-UP,slave up dispext mar_dram.con alloc,5,Dut,sendCommand,0,,PASS slave up dispext mar_dram.con alloc,PERTOS,xVT,AAB,,,1
1,2228,ECHO-MEM-TEST-SECTIOIN,echo >>>> Memory Tests <<<<,5,Rush,echo,0,,PASS echo >>>> Memory Tests <<<<,PERTOS,xVT,AAB,,,1
1,2229,SET-PERF-0x9532146,pmgr mode 0x9532146,5,Dut,sendCommand,0,,PASS pmgr mode 0x9532146,PERTOS,xVT,A -> FA,,,1
1,2230,TEST-HAMMER-DRAM,hammer -fmc 0x1ECEFF -urbm 0xFF -bonfire 0xFF -p -l 10 -t 3 -s 0x89410914379d373b,20,Dut,sendCommand,0,,PASS hammer -fmc 0x1ECEFF -urbm 0xFF -bonfire 0xFF -p -l 10 -t 3 -s 0x89410914379d373b,PERTOS,xVT,A -> FA,,,1
1,2231,TEST-SC61-uRBM-DRAM,sc run 61 4 -coremask 0x2100,80,Dut,sendCommand,0,,PASS sc run 61 4 -coremask 0x2100,PERTOS,xVT,AAB,,,1
1,2232,TEST-SC67-uRBM-Cache,sc run 67,50,Dut,sendCommand,0,,PASS sc run 67,PERTOS,xVT,AAB,,,1
1,2233,SET-SWITCHER-ALL-RANDOM-MODES,switcher pattern ramp-rand 600 -jitter=580 -clk:p=1_2_3_4_5_6_7_8_9_10_11 -clk:e=1_2_3_4_5 -clk:s=3_4 -clk:d=4_5_6 -clk:i=2_3_4 -on -cpu=1,5,Dut,sendCommand,0,,PASS switcher pattern ramp-rand 600 -jitter=580 -clk:p=1_2_3_4_5_6_7_8_9_10_11 -clk:e=1_2_3_4_5 -clk:s=3_4 -clk:d=4_5_6 -clk:i=2_3_4 -on -cpu=1,PERTOS,xVT,A -> FA,,,1
1,2234,TEST-HAMMER-DRAM-RANDOM-CLKS,hammer -fmc 0x1FDEFD -urbm 0xFD -bonfire 0xFD -p -l 8 -t 5 -s 0xb10e2011b68e8a84,20,Dut,sendCommand,0,,PASS hammer -fmc 0x1FDEFD -urbm 0xFD -bonfire 0xFD -p -l 8 -t 5 -s 0xb10e2011b68e8a84,PERTOS,xVT,A -> FA,,,1
1,2235,TEST-SC61-uRBM-DRAM_RANDOM-CLKS,sc run 61 6 -coremask 0x2102,5,Dut,sendCommand,0,,PASS sc run 61 6 -coremask 0x2102,PERTOS,xVT,AAB,,,1
1,2236,TEST-SC67-uRBM-Cache-RANDOM-CLKS,sc run 67 -coremask 0x2,15,Dut,sendCommand,0,,PASS sc run 67 -coremask 0x2,PERTOS,xVT,AAB,,,1
1,2237,SET-SWITCHER-RESET,switcher reset,60,Dut,sendCommand,0,,PASS switcher reset,PERTOS,xVT,AAB,,,1
1,2238,SET-SWITCHER-CONFIG-HIGH-LOW-MODES,switcher pattern ramp-rand 600 -jitter=580 -clk:p=1_11 -clk:e=1_5 -clk:s=3_4 -clk:d=4_6 -clk:i=2_4 -on -cpu=1,5,Dut,sendCommand,0,,PASS switcher pattern ramp-rand 600 -jitter=580 -clk:p=1_11 -clk:e=1_5 -clk:s=3_4 -clk:d=4_6 -clk:i=2_4 -on -cpu=1,PERTOS,xVT,A -> FA,,,1
1,2239,TEST-HAMMER-DRAM-HIGH-LOW-CLKS,hammer -fmc 0x1FDEFD -urbm 0xFD -bonfire 0xFD -p -l 8 -t 5 -s 0x31255bcdb0ebc35c,20,Dut,sendCommand,0,,PASS hammer -fmc 0x1FDEFD -urbm 0xFD -bonfire 0xFD -p -l 8 -t 5 -s 0x31255bcdb0ebc35c,PERTOS,xVT,A -> FA,,,1
1,2240,TEST-SC61-uRBM-DRAM-HIGH-LOW-CLKS,sc run 61 6 -coremask 0x2102,5,Dut,sendCommand,0,,PASS sc run 61 6 -coremask 0x2102,PERTOS,xVT,AAB,,,1
1,2241,TEST-SC67-uRBM-Cache-HIGH-LOW-CLKS,sc run 67 -coremask 0x2,15,Dut,sendCommand,0,,PASS sc run 67 -coremask 0x2,PERTOS,xVT,AAB,,,1
1,2242,SET-SWITCHER-RESET-OFF,switcher off -reset,20,Dut,sendCommand,0,,PASS switcher off -reset,PERTOS,xVT,AAB,,,1
1,2243,ECHO-uRBM-EACC-LVCC-TEST,echo >>>> uRBM EACC LVCC Tests <<<<,5,Rush,echo,0,,PASS echo >>>> uRBM EACC LVCC Tests <<<<,PERTOS,xVT,A -> FA,,,1
1,2244,SET-PERF-0x2202134,pmgr mode 0x2202134,5,Dut,sendCommand,0,,PASS pmgr mode 0x2202134,PERTOS,xVT,AAB,,,1
1,2245,TEST-SC35-URBM-ECORE-LVCC,sc run 35,5,Dut,sendCommand,0,,PASS sc run 35,PERTOS,xVT,A -> FA,,,1
1,2246,SET-PERF-0x2302134,pmgr mode 0x2302134,5,Dut,sendCommand,0,,PASS pmgr mode 0x2302134,PERTOS,xVT,AAB,,,1
1,2247,TEST-SC35-URBM-ECORE-LVCC,sc run 35,5,Dut,sendCommand,0,,PASS sc run 35,PERTOS,xVT,A -> FA,,,1
1,2248,SET-PERF-0x2402145,pmgr mode 0x2402145,5,Dut,sendCommand,0,,PASS pmgr mode 0x2402145,PERTOS,xVT,AAB,,,1
1,2249,TEST-SC35-URBM-ECORE-LVCC,sc run 35,5,Dut,sendCommand,0,,PASS sc run 35,PERTOS,xVT,A -> FA,,,1
1,2250,SET-PERF-0x2502145,pmgr mode 0x2502145,5,Dut,sendCommand,0,,PASS pmgr mode 0x2502145,PERTOS,xVT,AAB,,,1
1,2251,TEST-SC35-URBM-ECORE-LVCC,sc run 35,5,Dut,sendCommand,0,,PASS sc run 35,PERTOS,xVT,AAB,,,1
1,2252,ECHO-uRBM-PACC-LVCC-TEST,echo >>>> uRBM PACC LVCC Tests <<<<,15,Rush,echo,0,,PASS echo >>>> uRBM PACC LVCC Tests <<<<,PERTOS,xVT,A -> FA,,,1
1,2253,SET-PERF-0x2232135,pmgr mode 0x2232135,15,Dut,sendCommand,0,,PASS pmgr mode 0x2232135,PERTOS,xVT,A -> FA,,,1
1,2254,TEST-SC402-P2,sc run 402 5,15,Dut,sendCommand,0,,PASS sc run 402 5,PERTOS,xVT,A -> FA,,,1
1,2255,TEST-SC400-uRBM-LVCC,sc run 400 5,15,Dut,sendCommand,0,,PASS sc run 400 5,PERTOS,xVT,A -> FA,,,1
1,2256,TEST-SC34-uRBM-Dual-Core,sc run 34 5,10,Dut,sendCommand,0,,PASS sc run 34 5,PERTOS,xVT,A -> FA,,,1
1,2257,TEST-SC39-uRBM-PEVmove,sc run 39 5,15,Dut,sendCommand,0,,PASS sc run 39 5,PERTOS,xVT,A -> FA,,,1
1,2258,TEST-SC400-uRBM-PV1,sc run 38 5,5,Dut,sendCommand,0,,PASS sc run 38 5,PERTOS,xVT,AAB,,,1
1,2259,TEST-SC403-uRBM-Fillpatt128,sc run 41 5,15,Dut,sendCommand,0,,PASS sc run 41 5,PERTOS,xVT,A -> FA,,,1
1,2260,SET-PERF-0x3332135,pmgr mode 0x3332135,15,Dut,sendCommand,0,,PASS pmgr mode 0x3332135,PERTOS,xVT,A -> FA,,,1
1,2261,TEST-SC402-P3,sc run 402 5,15,Dut,sendCommand,0,,PASS sc run 402 5,PERTOS,xVT,A -> FA,,,1
1,2262,TEST-SC400-uRBM-LVCC-P3,sc run 400 5,15,Dut,sendCommand,0,,PASS sc run 400 5,PERTOS,xVT,A -> FA,,,1
1,2263,TEST-SC34-uRBM-Dual-Core-P3,sc run 34 5,10,Dut,sendCommand,0,,PASS sc run 34 5,PERTOS,xVT,A -> FA,,,1
1,2264,TEST-SC39-uRBM-PEVmove-P3,sc run 39 5,15,Dut,sendCommand,0,,PASS sc run 39 5,PERTOS,xVT,A -> FA,,,1
1,2265,TEST-SC400-uRBM-PV1-P3,sc run 38 5,5,Dut,sendCommand,0,,PASS sc run 38 5,PERTOS,xVT,AAB,,,1
1,2266,TEST-SC403-uRBM-Fillpatt128-P3,sc run 41 5,15,Dut,sendCommand,0,,PASS sc run 41 5,PERTOS,xVT,A -> FA,,,1
1,2267,SET-PERF-0x4432146,pmgr mode 0x4432146,15,Dut,sendCommand,0,,PASS pmgr mode 0x4432146,PERTOS,xVT,A -> FA,,,1
1,2268,TEST-SC402-P4,sc run 402 5,15,Dut,sendCommand,0,,PASS sc run 402 5,PERTOS,xVT,A -> FA,,,1
1,2269,TEST-SC400-uRBM-LVCC-P4,sc run 400 5,15,Dut,sendCommand,0,,PASS sc run 400 5,PERTOS,xVT,A -> FA,,,1
1,2270,TEST-SC34-uRBM-Dual-Core-P4,sc run 34 5,10,Dut,sendCommand,0,,PASS sc run 34 5,PERTOS,xVT,A -> FA,,,1
1,2271,TEST-SC39-uRBM-PEVmove-P4,sc run 39 5,15,Dut,sendCommand,0,,PASS sc run 39 5,PERTOS,xVT,A -> FA,,,1
1,2272,TEST-SC400-uRBM-PV1-P4,sc run 38 5,5,Dut,sendCommand,0,,PASS sc run 38 5,PERTOS,xVT,AAB,,,1
1,2273,TEST-SC403-uRBM-Fillpatt128-P4,sc run 41 5,15,Dut,sendCommand,0,,PASS sc run 41 5,PERTOS,xVT,A -> FA,,,1
1,2274,SET-PERF-0x5532146,pmgr mode 0x5532146,15,Dut,sendCommand,0,,PASS pmgr mode 0x5532146,PERTOS,xVT,A -> FA,,,1
1,2275,TEST-SC402-P5,sc run 402 5,15,Dut,sendCommand,0,,PASS sc run 402 5,PERTOS,xVT,A -> FA,,,1
1,2276,TEST-SC403-uRBM-LVCC-P5,sc run 400 5,15,Dut,sendCommand,0,,PASS sc run 400 5,PERTOS,xVT,A -> FA,,,1
1,2277,TEST-SC34-uRBM-Dual-Core-P5,sc run 34 5,10,Dut,sendCommand,0,,PASS sc run 34 5,PERTOS,xVT,A -> FA,,,1
1,2278,TEST-SC39-uRBM-PEVmove-P5,sc run 39 5,15,Dut,sendCommand,0,,PASS sc run 39 5,PERTOS,xVT,A -> FA,,,1
1,2279,TEST-SC403-uRBM-PV1-P5,sc run 38 5,5,Dut,sendCommand,0,,PASS sc run 38 5,PERTOS,xVT,AAB,,,1
1,2280,TEST-SC403-uRBM-Fillpatt128-P5,sc run 41 5,15,Dut,sendCommand,0,,PASS sc run 41 5,PERTOS,xVT,A -> FA,,,1
1,2281,SET-PERF-0x6532146,pmgr mode 0x6532146,15,Dut,sendCommand,0,,PASS pmgr mode 0x6532146,PERTOS,xVT,A -> FA,,,1
1,2282,TEST-SC402-P6,sc run 402 5,15,Dut,sendCommand,0,,PASS sc run 402 5,PERTOS,xVT,A -> FA,,,1
1,2283,TEST-SC403-uRBM-LVCC-P6,sc run 400 5,15,Dut,sendCommand,0,,PASS sc run 400 5,PERTOS,xVT,A -> FA,,,1
1,2284,TEST-SC34-uRBM-Dual-Core-P6,sc run 34 5,10,Dut,sendCommand,0,,PASS sc run 34 5,PERTOS,xVT,A -> FA,,,1
1,2285,TEST-SC39-uRBM-PEVmove-P6,sc run 39 5,15,Dut,sendCommand,0,,PASS sc run 39 5,PERTOS,xVT,A -> FA,,,1
1,2286,TEST-SC403-uRBM-PV1-P6,sc run 38 5,5,Dut,sendCommand,0,,PASS sc run 38 5,PERTOS,xVT,AAB,,,1
1,2287,TEST-SC403-uRBM-Fillpatt128-P6,sc run 41 5,15,Dut,sendCommand,0,,PASS sc run 41 5,PERTOS,xVT,A -> FA,,,1
1,2288,SET-PERF-0x7532146,pmgr mode 0x7532146,15,Dut,sendCommand,0,,PASS pmgr mode 0x7532146,PERTOS,xVT,A -> FA,,,1
1,2289,TEST-SC402-P7,sc run 402 5,15,Dut,sendCommand,0,,PASS sc run 402 5,PERTOS,xVT,A -> FA,,,1
1,2290,TEST-SC403-uRBM-LVCC-P7,sc run 400 5,15,Dut,sendCommand,0,,PASS sc run 400 5,PERTOS,xVT,A -> FA,,,1
1,2291,TEST-SC34-uRBM-Dual-Core-P7,sc run 34 5,10,Dut,sendCommand,0,,PASS sc run 34 5,PERTOS,xVT,A -> FA,,,1
1,2292,TEST-SC39-uRBM-PEVmove-P7,sc run 39 5,15,Dut,sendCommand,0,,PASS sc run 39 5,PERTOS,xVT,A -> FA,,,1
1,2293,TEST-SC403-uRBM-PV1-P7,sc run 38 5,5,Dut,sendCommand,0,,PASS sc run 38 5,PERTOS,xVT,AAB,,,1
1,2294,TEST-SC403-uRBM-Fillpatt128-P7,sc run 41 5,15,Dut,sendCommand,0,,PASS sc run 41 5,PERTOS,xVT,A -> FA,,,1
1,2295,SET-PERF-0x8532146,pmgr mode 0x8532146,15,Dut,sendCommand,0,,PASS pmgr mode 0x8532146,PERTOS,xVT,A -> FA,,,1
1,2296,TEST-SC402-P8,sc run 402 5,15,Dut,sendCommand,0,,PASS sc run 402 5,PERTOS,xVT,A -> FA,,,1
1,2297,TEST-SC403-uRBM-LVCC-P8,sc run 400 5,15,Dut,sendCommand,0,,PASS sc run 400 5,PERTOS,xVT,A -> FA,,,1
1,2298,TEST-SC34-uRBM-Dual-Core-P8,sc run 34 5,10,Dut,sendCommand,0,,PASS sc run 34 5,PERTOS,xVT,A -> FA,,,1
1,2299,TEST-SC39-uRBM-PEVmove-P8,sc run 39 5,15,Dut,sendCommand,0,,PASS sc run 39 5,PERTOS,xVT,A -> FA,,,1
1,2300,TEST-SC403-uRBM-PV1-P8,sc run 38 5,5,Dut,sendCommand,0,,PASS sc run 38 5,PERTOS,xVT,AAB,,,1
1,2301,TEST-SC403-uRBM-Fillpatt128-P8,sc run 41 5,15,Dut,sendCommand,0,,PASS sc run 41 5,PERTOS,xVT,A -> FA,,,1
1,2302,SET-PERF-0x9532146,pmgr mode 0x9532146,15,Dut,sendCommand,0,,PASS pmgr mode 0x9532146,PERTOS,xVT,A -> FA,,,1
1,2303,TEST-SC402-P9,sc run 402 5,15,Dut,sendCommand,0,,PASS sc run 402 5,PERTOS,xVT,A -> FA,,,1
1,2304,TEST-SC403-uRBM-LVCC-P9,sc run 400 5,15,Dut,sendCommand,0,,PASS sc run 400 5,PERTOS,xVT,A -> FA,,,1
1,2305,TEST-SC34-uRBM-Dual-Core-P9,sc run 34 5,10,Dut,sendCommand,0,,PASS sc run 34 5,PERTOS,xVT,A -> FA,,,1
1,2306,TEST-SC39-uRBM-PEVmove-P9,sc run 39 5,15,Dut,sendCommand,0,,PASS sc run 39 5,PERTOS,xVT,A -> FA,,,1
1,2307,TEST-SC403-uRBM-PV1-P9,sc run 38 5,5,Dut,sendCommand,0,,PASS sc run 38 5,PERTOS,xVT,AAB,,,1
1,2308,TEST-SC403-uRBM-Fillpatt128-P9,sc run 41 5,15,Dut,sendCommand,0,,PASS sc run 41 5,PERTOS,xVT,A -> FA,,,1
1,2309,SET-PERF-0xa532146,pmgr mode 0xa532146,15,Dut,sendCommand,0,,PASS pmgr mode 0xa532146,PERTOS,xVT,A -> FA,,,1
1,2310,TEST-SC402-Pa,sc run 402 5,15,Dut,sendCommand,0,,PASS sc run 402 5,PERTOS,xVT,A -> FA,,,1
1,2311,TEST-SC403-uRBM-LVCC-Pa,sc run 400 5,15,Dut,sendCommand,0,,PASS sc run 400 5,PERTOS,xVT,A -> FA,,,1
1,2312,TEST-SC34-uRBM-Dual-Core-Pa,sc run 34 5,10,Dut,sendCommand,0,,PASS sc run 34 5,PERTOS,xVT,A -> FA,,,1
1,2313,TEST-SC39-uRBM-PEVmove-Pa,sc run 39 5,15,Dut,sendCommand,0,,PASS sc run 39 5,PERTOS,xVT,A -> FA,,,1
1,2314,TEST-SC403-uRBM-PV1-Pa,sc run 38 5,5,Dut,sendCommand,0,,PASS sc run 38 5,PERTOS,xVT,AAB,,,1
1,2315,TEST-SC403-uRBM-Fillpatt128-Pa,sc run 41 5,15,Dut,sendCommand,0,,PASS sc run 41 5,PERTOS,xVT,A -> FA,,,1
1,2316,SET-PERF-0xb532146,pmgr mode 0xb532146,15,Dut,sendCommand,0,,PASS pmgr mode 0xb532146,PERTOS,xVT,A -> FA,,,1
1,2317,TEST-SC402-Pb,sc run 402 5,15,Dut,sendCommand,0,,PASS sc run 402 5,PERTOS,xVT,A -> FA,,,1
1,2318,TEST-SC403-uRBM-LVCC-Pb,sc run 400 5,15,Dut,sendCommand,0,,PASS sc run 400 5,PERTOS,xVT,A -> FA,,,1
1,2319,TEST-SC34-uRBM-Dual-Core-Pb,sc run 34 5,10,Dut,sendCommand,0,,PASS sc run 34 5,PERTOS,xVT,A -> FA,,,1
1,2320,TEST-SC39-uRBM-PEVmove-Pb,sc run 39 5,15,Dut,sendCommand,0,,PASS sc run 39 5,PERTOS,xVT,A -> FA,,,1
1,2321,TEST-SC403-uRBM-PV1-Pb,sc run 38 5,5,Dut,sendCommand,0,,PASS sc run 38 5,PERTOS,xVT,AAB,,,1
1,2322,TEST-SC403-uRBM-Fillpatt128-Pb,sc run 41 5,5,Dut,sendCommand,0,,PASS sc run 41 5,PERTOS,xVT,AAB,,,1
1,2323,ECHO-MISC-IP-TESTS,echo >>>> Misc IP Tests <<<<,5,Rush,echo,0,,PASS echo >>>> Misc IP Tests <<<<,PERTOS,xVT,AAB,,,1
1,2324,SLAVE-DOWN-PCORE-4,slave down 4,5,Dut,sendCommand,0,,PASS slave down 4,PERTOS,xVT,AAB,,,1
1,2325,SLAVE-DOWN-PCORE-5,slave down 5,5,Dut,sendCommand,0,,PASS slave down 5,PERTOS,xVT,AAB,,,1
1,2326,SLAVE-DOWN-PCORE-6,slave down 6,5,Dut,sendCommand,0,,PASS slave down 6,PERTOS,xVT,AAB,,,1
1,2327,SLAVE-DOWN-PCORE-7,slave down 7,10,Dut,sendCommand,0,,PASS slave down 7,PERTOS,xVT,A -> FA,,,1
1,2328,SET-PERF-0x1432136,pmgr mode 0x1432136,5,Dut,sendCommand,0,,PASS pmgr mode 0x1432136,PERTOS,xVT,A -> FA,,,1
1,2329,TEST-SC11-AON-S3,sc run 11,5,Dut,sendCommand,0,,PASS sc run 11,PERTOS,xVT,A -> FA,,,1
1,2330,TEST-AVE-S3,sc run 24 5,5,Dut,sendCommand,0,,PASS sc run 24 5,PERTOS,xVT,AAB,,,1
1,2331,TEST-JPG-S3,sc run 83 5,10,Dut,sendCommand,0,,PASS sc run 83 5,PERTOS,xVT,A -> FA,,,1
1,2332,SET-PERF-0x1432136,pmgr mode 0x1432146,5,Dut,sendCommand,0,,PASS pmgr mode 0x1432146,PERTOS,xVT,A -> FA,,,1
1,2333,TEST-SC11-AON-S4,sc run 11,5,Dut,sendCommand,0,,PASS sc run 11,PERTOS,xVT,A -> FA,,,1
1,2334,TEST-AVE-S4,sc run 24 5,5,Dut,sendCommand,0,,PASS sc run 24 5,PERTOS,xVT,AAB,,,1
1,2335,TEST-JPG-S4,sc run 83 5,10,Dut,sendCommand,0,,PASS sc run 83 5,PERTOS,xVT,A -> FA,,,1
1,2336,SWITCHER RESET OFF,switcher off -reset,20,Dut,sendCommand,0,,PASS switcher off -reset,PERTOS,xVT,A -> FA,,,1