ENABLE,PDCAPREFIX,TESTNAME,SUBTESTNAME,SUBSUBTESTNAME,DUTCOMMAND,TIMEOUT,PLUGIN,ATLASCOMMAND,MDPARSER,REGEX,EXPECT,ENVIRONMENT,LIMITGROUP,RETESTPOLICY,HANGTIMEOUT,BGCT,PARAMETER,COF
0,2001,SOC,RTOS_Setup_Boot,,FIXTURESIGNAL_BOOT_RTOS,60,Rush,restore,0,,SEGPE>,PERTOS,xVT,AAB,,,,1
1,2002,SOC,"print test plan version",,"echo >>>> TEST_PLAN V0.9.1.3 - B0 - 20200805 <<<<",5,Rush,echo,0,,"PASS echo",PERTOS,xVT,AAB,,,,1
1,2003,SOC,DUMP-PERTOS-INFO,,buildinfo,5,Dut,sendCommand,0,,"PASS buildinfo",PERTOS,xVT,AAB,,,,1
1,2004,SOC,DUMP-FUSE-ECID,,"fuse ecid",5,Dut,sendCommand,0,,"PASS fuse ecid",PERTOS,xVT,AAB,,,,1
1,2005,SOC,DUMP-FUSE-CONFIG,,"fuse config",5,Dut,sendCommand,0,,"PASS fuse config",PERTOS,xVT,AAB,,,,1
1,2006,SOC,DUMP-FUSE-RAW,,"fuse raw",5,Dut,sendCommand,0,,"PASS fuse raw",PERTOS,xVT,AAB,,,,1
1,2007,SOC,SET-DDR-FSX,,"mmu ddr-protect fs3",5,Dut,sendCommand,0,,"PASS mmu ddr-protect fs3",PERTOS,xVT,"A -> FA",,,,1
1,2008,SOC,SET-BIN-VOLTAGE,,"pmgr vmode bin",5,Dut,sendCommand,0,,"PASS pmgr vmode bin",PERTOS,xVT,"A -> FA",,,,1
1,2009,SOC,SET-DDR1V1-PMU,,"pmu Vddr1v1 1040000",5,Dut,sendCommand,0,,"PASS pmu Vddr1v1 1040000",PERTOS,xVT,"A -> FA",,,,1
1,2010,SOC,SET-PERF-0x2202233,,"pmgr mode 0x2202233",5,Dut,sendCommand,0,,"PASS pmgr mode 0x2202233",PERTOS,xVT,"A -> FA",,,,1
1,2011,SOC,DUMP-PMU-1,,"pmu rails",5,Dut,sendCommand,0,,"PASS pmu rails",PERTOS,xVT,"A -> FA",,,,1
1,2012,SOC,SET-PMGR-ANE-ON,,"pmgr ane on",5,Dut,sendCommand,0,,"PASS pmgr ane on",PERTOS,xVT,"A -> FA",,,,1
1,2013,SOC,SET-PMGR-ISP-ON,,"pmgr power-up isp",5,Dut,sendCommand,0,,"PASS pmgr power-up isp",PERTOS,xVT,"A -> FA",,,,1
1,2014,SOC,SET-CORE-UP,,"core up acc",5,Dut,sendCommand,0,,"PASS core up acc",PERTOS,xVT,"A -> FA",,,,1
1,2015,SOC,SET-INIT-MTR,,"ts init mtr",5,Dut,sendCommand,0,,"PASS ts init mtr",PERTOS,xVT,"A -> FA",,,,1
1,2016,SOC,SET-RD-MTR,,"ts rd",5,Dut,sendCommand,0,,"PASS ts rd",PERTOS,xVT,"A -> FA",,,,1
1,2017,SOC,SET-PERF-0x1100204,,"pmgr mode 0x1100204",5,Dut,sendCommand,0,,"PASS pmgr mode 0x1100204",PERTOS,xVT,"A -> FA",,,,1
1,2018,SOC,TEST-SC53-MTR,,"sc run 53 10",100,Dut,sendCommand,0,,"PASS sc run 53 10",PERTOS,xVT,"A -> FA",,,,1
1,2019,SOC,SET-PERF-0x2202234,,"pmgr mode 0x2202234",5,Dut,sendCommand,0,,"PASS pmgr mode 0x2202234",PERTOS,xVT,"A -> FA",,,,1
1,2020,SOC,SET-CLK-JITTER-10,,"os jitter 10",5,Dut,sendCommand,0,,"PASS os jitter 10",PERTOS,xVT,"A -> FA",,,,1
1,2021,SOC,SET-TEMP-SENSOR-AUTO,,"ts reset auto",5,Dut,sendCommand,0,,"PASS ts reset auto",PERTOS,xVT,"A -> FA",,,,1
1,2022,SOC,SET-TOOHOT-105,,"therm toohot 105 10 105 10 7 1",5,Dut,sendCommand,0,,"PASS therm toohot 105 10 105 10 7 1",PERTOS,xVT,"A -> FA",,,,1
1,2023,SOC,SET-SOCHOT-125,,"therm sochot 125",5,Dut,sendCommand,0,,"PASS therm sochot 125",PERTOS,xVT,"A -> FA",,,,1
1,2024,SOC,SET-CFG-TELEM,,"telem config mss",5,Dut,sendCommand,0,,"PASS telem config mss",PERTOS,xVT,"A -> FA",,,,1
1,2025,SOC,TEST-TELEM,,"telem test config 10 125 250",5,Dut,sendCommand,0,,"PASS telem test config 10 125 250",PERTOS,xVT,"A -> FA",,,,1
1,2026,SOC,TEST-TELEM-EN,,"telem test enable",5,Dut,sendCommand,0,,"PASS telem test enable",PERTOS,xVT,"A -> FA",,,,1
1,2027,SOC,SET-DPE-ON,,"acc dpeppt on",5,Dut,sendCommand,0,,"PASS acc dpeppt on",PERTOS,xVT,"A -> FA",,,,1
1,2028,SOC,SET-UT-ON,,"ut all on",60,Dut,sendCommand,0,,"PASS ut all on",PERTOS,xVT,"A -> FA",,,,1
1,2029,SOC,SET-OCLAMON-CFG,,"oclamon adc config -e -p -c 7 -m -peak_min",5,Dut,sendCommand,0,,"PASS oclamon adc config -e -p -c 7 -m -peak_min",PERTOS,xVT,"A -> FA",,,,1
1,2030,SOC,SET-OCLAMON-ON,,"oclamon adc on",5,Dut,sendCommand,0,,"PASS oclamon adc on",PERTOS,xVT,"A -> FA",,,,1
1,2031,SOC,SET-OCLAMON-DVFM,,"oclamon teldvfm on",5,Dut,sendCommand,0,,"PASS oclamon teldvfm on",PERTOS,xVT,"A -> FA",,,,1
1,2032,SOC,SET-OCLAMON-TAG-ON,,"oclamon scenario_tags on",5,Dut,sendCommand,0,,"PASS oclamon scenario_tags on",PERTOS,xVT,"A -> FA",,,,1
1,2033,SOC,NRG-ON,,"acc nrg on",5,Dut,sendCommand,0,,"PASS acc nrg on",PERTOS,xVT,"A -> FA",,,,1
1,2034,SOC,DUMP-PMU-2,,"pmu rails",5,Dut,sendCommand,0,,"PASS pmu rails",PERTOS,xVT,"A -> FA",,,,1
1,2035,SOC,SET-PERF-0x2202236,,"pmgr mode 0x2202236",5,Dut,sendCommand,0,,"PASS pmgr mode 0x2202236",PERTOS,xVT,"A -> FA",,,,1
1,2036,SOC,DUMP-DDR-INFO,,"ddr print info",5,Dut,sendCommand,0,,"PASS ddr print info",PERTOS,xVT,"A -> FA",,,,1
1,2037,SOC,DUMP-DDR-LOTID,,"ddr print lotid",5,Dut,sendCommand,0,,"PASS ddr print lotid",PERTOS,xVT,"A -> FA",,,,1
1,2038,SOC,TEST-SC54-DRAM-PKG,,"sc run 54",100,Dut,sendCommand,0,,"PASS sc run 54",PERTOS,xVT,"A -> FA",,,,1
1,2039,SOC,SET-PERF-0x2202234-2,,"pmgr mode 0x2202234",5,Dut,sendCommand,0,,"PASS pmgr mode 0x2202234",PERTOS,xVT,"A -> FA",,,,1
1,2040,SOC,TEST-CORE,,"core test 0xff 50",60,Dut,sendCommand,0,,"PASS core test 0xff 50",PERTOS,xVT,"A -> FA",,,,1
1,2041,SOC,TEST-SC5-SEP,,"sc run 5 5",100,Dut,sendCommand,0,,"PASS sc run 5 5",PERTOS,xVT,"A -> FA",,,,1
1,2042,SOC,ECHO-ACC+BBQ-SECTION,,"echo >>>> ANE + BBQ Tests <<<<",5,Rush,echo,0,,"PASS echo",PERTOS,xVT,AAB,,,,1
1,2043,SOC,SET-BBQ-3P-AMX-ANE-CFG-1,,"bbq config fg 625 0 4 150  0 0 E B",5,Dut,sendCommand,0,,"PASS bbq config fg 625 0 4 150  0 0 E B",PERTOS,xVT,"A -> FA",,,,1
1,2044,SOC,SET-BBQ-3P-AMX-ANE-CFG-2,,"bbq config 0xFF 500 150 5 100 24 6 E B",5,Dut,sendCommand,0,,"PASS bbq config 0xFF 500 150 5 100 24 6 E B",PERTOS,xVT,"A -> FA",,,,1
1,2045,SOC,SET-BBQ-ON,,"bbq on",15,Dut,sendCommand,0,,"PASS bbq on",PERTOS,xVT,"A -> FA",,,,1
1,2046,SOC,ECHO-1CORE-85C-SECTION-Pe,,"echo >>>> 1P below 85C <<<<",5,Rush,echo,0,,"PASS echo",PERTOS,xVT,AAB,,,,1
1,2047,SOC,SET-BBQ-THERMPID-INIT,,"therm pid cc1 pcore init -skip=0_2_3_4_5_6_7_8_9_10_11_12_13_14",5,Dut,sendCommand,0,,"PASS therm pid cc1 pcore init -skip=0_2_3_4_5_6_7_8_9_10_11_12_13_14",PERTOS,xVT,"A -> FA",,,,1
1,2048,SOC,SET-BBQ-THERMPID-INIT2,,"therm pid cc1 pcore weights MAX 0 0 0 1 1 1 1 1 1 1 0 0 0 0 0 0 0 0 0",5,Dut,sendCommand,0,,"PASS therm pid cc1 pcore weights MAX 0 0 0 1 1 1 1 1 1 1 0 0 0 0 0 0 0 0 0",PERTOS,xVT,"A -> FA",,,,1
1,2049,SOC,SET-BBQ-THERMPID-SET-75,,"therm pid sp 75",5,Dut,sendCommand,0,,"PASS therm pid sp 75",PERTOS,xVT,"A -> FA",,,,1
1,2050,SOC,SET-BBQ-THERMPID-ON,,"therm pid cc1 pcore enable",5,Dut,sendCommand,0,,"PASS therm pid cc1 pcore enable",PERTOS,xVT,"A -> FA",,,,1
1,2051,SOC,SET-PERF-0xf502255-Pf,,"pmgr mode 0xf502255",10,Dut,sendCommand,0,,"PASS pmgr mode 0xf502255",PERTOS,xVT,"A -> FA",,,,1
1,2052,SOC,TEST-SC6-Pf-0x8F,,"sc run 6 5 -coredown 0x70",100,Dut,sendCommand,0,,"PASS sc run 6 5 -coredown 0x70",PERTOS,xVT,"A -> FA",,,,1
1,2053,SOC,TEST-SC7-Pf-0x8F,,"sc run 7 5 -coredown 0x70",100,Dut,sendCommand,0,,"PASS sc run 7 5 -coredown 0x70",PERTOS,xVT,"A -> FA",,,,1
1,2054,SOC,TEST-SC13-Pf-0x8F,,"sc run 13 10 -coredown 0x70",100,Dut,sendCommand,0,,"PASS sc run 13 10 -coredown 0x70",PERTOS,xVT,"A -> FA",,,,1
1,2055,SOC,TEST-SC19-Pf-0x8F,,"sc run 19 5 -coredown 0x70",100,Dut,sendCommand,0,,"PASS sc run 19 5 -coredown 0x70",PERTOS,xVT,"A -> FA",,,,1
1,2056,SOC,TEST-SC499-Pf-0x8F,,"sc run 499 5 -coredown 0x70",100,Dut,sendCommand,0,,"PASS sc run 499 5 -coredown 0x70",PERTOS,xVT,"A -> FA",,,,1
1,2057,SOC,TEST-SC6-Pf-0x1F,,"sc run 6 5 -coredown 0xE0",100,Dut,sendCommand,0,,"PASS sc run 6 5 -coredown 0xE0",PERTOS,xVT,"A -> FA",,,,1
1,2058,SOC,TEST-SC7-Pf-0x1F,,"sc run 7 5 -coredown 0xE0",100,Dut,sendCommand,0,,"PASS sc run 7 5 -coredown 0xE0",PERTOS,xVT,"A -> FA",,,,1
1,2059,SOC,TEST-SC13-Pf-0x1F,,"sc run 13 10 -coredown 0xE0",100,Dut,sendCommand,0,,"PASS sc run 13 10 -coredown 0xE0",PERTOS,xVT,"A -> FA",,,,1
1,2060,SOC,TEST-SC19-Pf-0x1F,,"sc run 19 5 -coredown 0xE0",100,Dut,sendCommand,0,,"PASS sc run 19 5 -coredown 0xE0",PERTOS,xVT,"A -> FA",,,,1
1,2061,SOC,TEST-SC499-Pf-0x1F,,"sc run 499 5 -coredown 0xE0",100,Dut,sendCommand,0,,"PASS sc run 499 5 -coredown 0xE0",PERTOS,xVT,"A -> FA",,,,1
1,2062,SOC,TEST-SC6-Pf-0x4F,,"sc run 6 5 -coredown 0xB0",100,Dut,sendCommand,0,,"PASS sc run 6 5 -coredown 0xB0",PERTOS,xVT,"A -> FA",,,,1
1,2063,SOC,TEST-SC7-Pf-0x4F,,"sc run 7 5 -coredown 0xB0",100,Dut,sendCommand,0,,"PASS sc run 7 5 -coredown 0xB0",PERTOS,xVT,"A -> FA",,,,1
1,2064,SOC,TEST-SC13-Pf-0x4F,,"sc run 13 10 -coredown 0xB0",100,Dut,sendCommand,0,,"PASS sc run 13 10 -coredown 0xB0",PERTOS,xVT,"A -> FA",,,,1
1,2065,SOC,TEST-SC19-Pf-0x4F,,"sc run 19 5 -coredown 0xB0",100,Dut,sendCommand,0,,"PASS sc run 19 5 -coredown 0xB0",PERTOS,xVT,"A -> FA",,,,1
1,2066,SOC,TEST-SC499-Pf-0x4F,,"sc run 499 5 -coredown 0xB0",100,Dut,sendCommand,0,,"PASS sc run 499 5 -coredown 0xB0",PERTOS,xVT,"A -> FA",,,,1
1,2067,SOC,TEST-SC6-Pf-0x2F,,"sc run 6 5 -coredown 0xD0",100,Dut,sendCommand,0,,"PASS sc run 6 5 -coredown 0xD0",PERTOS,xVT,"A -> FA",,,,1
1,2068,SOC,TEST-SC7-Pf-0x2F,,"sc run 7 5 -coredown 0xD0",100,Dut,sendCommand,0,,"PASS sc run 7 5 -coredown 0xD0",PERTOS,xVT,"A -> FA",,,,1
1,2069,SOC,TEST-SC13-Pf-0x2F,,"sc run 13 10 -coredown 0xD0",100,Dut,sendCommand,0,,"PASS sc run 13 10 -coredown 0xD0",PERTOS,xVT,"A -> FA",,,,1
1,2070,SOC,TEST-SC19-Pf-0x2F,,"sc run 19 5 -coredown 0xD0",100,Dut,sendCommand,0,,"PASS sc run 19 5 -coredown 0xD0",PERTOS,xVT,"A -> FA",,,,1
1,2071,SOC,TEST-SC499-Pf-0x2F,,"sc run 499 5 -coredown 0xD0",100,Dut,sendCommand,0,,"PASS sc run 499 5 -coredown 0xD0",PERTOS,xVT,"A -> FA",,,,1
1,2072,SOC,SET-BBQ-THERMPID-END,,"therm pid cc1 pcore disable",60,Dut,sendCommand,0,,"PASS therm pid cc1 pcore disable",PERTOS,xVT,"A -> FA",,,,1
1,2073,SOC,ECHO-1CORE-SECTION-Pe,,"echo >>>> 1P <<<<",5,Rush,echo,0,,"PASS echo",PERTOS,xVT,AAB,,,,1
1,2074,SOC,SET-PERF-0xe502255-Pe,,"pmgr mode 0xe502255",10,Dut,sendCommand,0,,"PASS pmgr mode 0xe502255",PERTOS,xVT,"A -> FA",,,,1
1,2075,SOC,SET-TOOHOT-105-2,,"therm toohot 105 10 105 10 7 1",60,Dut,sendCommand,0,,"PASS therm toohot 105 10 105 10 7 1",PERTOS,xVT,"A -> FA",,,,1
1,2076,SOC,TEST-SC6-Pe-0x8F,,"sc run 6 5 -coredown 0x70",100,Dut,sendCommand,0,,"PASS sc run 6 5 -coredown 0x70",PERTOS,xVT,"A -> FA",,,,1
1,2077,SOC,TEST-SC7-Pe-0x8F,,"sc run 7 5 -coredown 0x70",100,Dut,sendCommand,0,,"PASS sc run 7 5 -coredown 0x70",PERTOS,xVT,"A -> FA",,,,1
1,2078,SOC,TEST-SC13-Pe-0x8F,,"sc run 13 10 -coredown 0x70",100,Dut,sendCommand,0,,"PASS sc run 13 10 -coredown 0x70",PERTOS,xVT,"A -> FA",,,,1
1,2079,SOC,TEST-SC19-Pe-0x8F,,"sc run 19 5 -coredown 0x70",100,Dut,sendCommand,0,,"PASS sc run 19 5 -coredown 0x70",PERTOS,xVT,"A -> FA",,,,1
1,2080,SOC,TEST-SC499-Pe-0x8F,,"sc run 499 5 -coredown 0x70",100,Dut,sendCommand,0,,"PASS sc run 499 5 -coredown 0x70",PERTOS,xVT,"A -> FA",,,,1
1,2081,SOC,TEST-SC6-Pe-0x1F,,"sc run 6 5 -coredown 0xE0",100,Dut,sendCommand,0,,"PASS sc run 6 5 -coredown 0xE0",PERTOS,xVT,"A -> FA",,,,1
1,2082,SOC,TEST-SC7-Pe-0x1F,,"sc run 7 5 -coredown 0xE0",100,Dut,sendCommand,0,,"PASS sc run 7 5 -coredown 0xE0",PERTOS,xVT,"A -> FA",,,,1
1,2083,SOC,TEST-SC13-Pe-0x1F,,"sc run 13 10 -coredown 0xE0",100,Dut,sendCommand,0,,"PASS sc run 13 10 -coredown 0xE0",PERTOS,xVT,"A -> FA",,,,1
1,2084,SOC,TEST-SC19-Pe-0x1F,,"sc run 19 5 -coredown 0xE0",100,Dut,sendCommand,0,,"PASS sc run 19 5 -coredown 0xE0",PERTOS,xVT,"A -> FA",,,,1
1,2085,SOC,TEST-SC499-Pe-0x1F,,"sc run 499 5 -coredown 0xE0",100,Dut,sendCommand,0,,"PASS sc run 499 5 -coredown 0xE0",PERTOS,xVT,"A -> FA",,,,1
1,2086,SOC,TEST-SC6-Pe-0x4F,,"sc run 6 5 -coredown 0xB0",100,Dut,sendCommand,0,,"PASS sc run 6 5 -coredown 0xB0",PERTOS,xVT,"A -> FA",,,,1
1,2087,SOC,TEST-SC7-Pe-0x4F,,"sc run 7 5 -coredown 0xB0",100,Dut,sendCommand,0,,"PASS sc run 7 5 -coredown 0xB0",PERTOS,xVT,"A -> FA",,,,1
1,2088,SOC,TEST-SC13-Pe-0x4F,,"sc run 13 10 -coredown 0xB0",100,Dut,sendCommand,0,,"PASS sc run 13 10 -coredown 0xB0",PERTOS,xVT,"A -> FA",,,,1
1,2089,SOC,TEST-SC19-Pe-0x4F,,"sc run 19 5 -coredown 0xB0",100,Dut,sendCommand,0,,"PASS sc run 19 5 -coredown 0xB0",PERTOS,xVT,"A -> FA",,,,1
1,2090,SOC,TEST-SC499-Pe-0x4F,,"sc run 499 5 -coredown 0xB0",100,Dut,sendCommand,0,,"PASS sc run 499 5 -coredown 0xB0",PERTOS,xVT,"A -> FA",,,,1
1,2091,SOC,TEST-SC6-Pe-0x2F,,"sc run 6 5 -coredown 0xD0",100,Dut,sendCommand,0,,"PASS sc run 6 5 -coredown 0xD0",PERTOS,xVT,"A -> FA",,,,1
1,2092,SOC,TEST-SC7-Pe-0x2F,,"sc run 7 5 -coredown 0xD0",100,Dut,sendCommand,0,,"PASS sc run 7 5 -coredown 0xD0",PERTOS,xVT,"A -> FA",,,,1
1,2093,SOC,TEST-SC13-Pe-0x2F,,"sc run 13 10 -coredown 0xD0",100,Dut,sendCommand,0,,"PASS sc run 13 10 -coredown 0xD0",PERTOS,xVT,"A -> FA",,,,1
1,2094,SOC,TEST-SC19-Pe-0x2F,,"sc run 19 5 -coredown 0xD0",100,Dut,sendCommand,0,,"PASS sc run 19 5 -coredown 0xD0",PERTOS,xVT,"A -> FA",,,,1
1,2095,SOC,TEST-SC499-Pe-0x2F,,"sc run 499 5 -coredown 0xD0",100,Dut,sendCommand,0,,"PASS sc run 499 5 -coredown 0xD0",PERTOS,xVT,"A -> FA",,,,1
1,2096,SOC,ECHO-1CORE-SECTION-Pd,,"echo >>>> 2P <<<<",5,Rush,echo,0,,"PASS echo",PERTOS,xVT,AAB,,,,1
1,2097,SOC,SET-PERF-0xd502255-Pd,,"pmgr mode 0xd502255",10,Dut,sendCommand,0,,"PASS pmgr mode 0xd502255",PERTOS,xVT,"A -> FA",,,,1
1,2098,SOC,TEST-SC7-Pd-0xCF,,"sc run 6 5 -coredown 0x30",100,Dut,sendCommand,0,,"PASS sc run 6 5 -coredown 0x30",PERTOS,xVT,"A -> FA",,,,1
1,2099,SOC,TEST-SC13-Pd-0xCF,,"sc run 7 5 -coredown 0x30",100,Dut,sendCommand,0,,"PASS sc run 7 5 -coredown 0x30",PERTOS,xVT,"A -> FA",,,,1
1,2100,SOC,TEST-SC19-Pd-0xCF,,"sc run 13 10 -coredown 0x30",100,Dut,sendCommand,0,,"PASS sc run 13 10 -coredown 0x30",PERTOS,xVT,"A -> FA",,,,1
1,2101,SOC,TEST-SC27-Pd-0xCF,,"sc run 19 5 -coredown 0x30",100,Dut,sendCommand,0,,"PASS sc run 19 5 -coredown 0x30",PERTOS,xVT,"A -> FA",,,,1
1,2102,SOC,TEST-SC499-Pd-0xCF,,"sc run 499 5 -coredown 0x30",100,Dut,sendCommand,0,,"PASS sc run 499 5 -coredown 0x30",PERTOS,xVT,"A -> FA",,,,1
1,2103,SOC,TEST-SC6-Pd-0x3F,,"sc run 6 5 -coredown 0xC0",100,Dut,sendCommand,0,,"PASS sc run 6 5 -coredown 0xC0",PERTOS,xVT,"A -> FA",,,,1
1,2104,SOC,TEST-SC7-Pd-0x3F,,"sc run 7 5 -coredown 0xC0",100,Dut,sendCommand,0,,"PASS sc run 7 5 -coredown 0xC0",PERTOS,xVT,"A -> FA",,,,1
1,2105,SOC,TEST-SC13-Pd-0x3F,,"sc run 13 10 -coredown 0xC0",100,Dut,sendCommand,0,,"PASS sc run 13 10 -coredown 0xC0",PERTOS,xVT,"A -> FA",,,,1
1,2106,SOC,TEST-SC19-Pd-0x3F,,"sc run 19 5 -coredown 0xC0",100,Dut,sendCommand,0,,"PASS sc run 19 5 -coredown 0xC0",PERTOS,xVT,"A -> FA",,,,1
1,2107,SOC,TEST-SC499-Pd-0x3F,,"sc run 499 5 -coredown 0xC0",100,Dut,sendCommand,0,,"PASS sc run 499 5 -coredown 0xC0",PERTOS,xVT,"A -> FA",,,,1
1,2108,SOC,TEST-SC6-Pd-0x6F,,"sc run 6 5 -coredown 0x90",100,Dut,sendCommand,0,,"PASS sc run 6 5 -coredown 0x90",PERTOS,xVT,"A -> FA",,,,1
1,2109,SOC,TEST-SC7-Pd-0x6F,,"sc run 7 5 -coredown 0x90",100,Dut,sendCommand,0,,"PASS sc run 7 5 -coredown 0x90",PERTOS,xVT,"A -> FA",,,,1
1,2110,SOC,TEST-SC13-Pd-0x6F,,"sc run 13 10 -coredown 0x90",100,Dut,sendCommand,0,,"PASS sc run 13 10 -coredown 0x90",PERTOS,xVT,"A -> FA",,,,1
1,2111,SOC,TEST-SC19-Pd-0x6F,,"sc run 19 5 -coredown 0x90",100,Dut,sendCommand,0,,"PASS sc run 19 5 -coredown 0x90",PERTOS,xVT,"A -> FA",,,,1
1,2112,SOC,TEST-SC499-Pd-0x6F,,"sc run 499 5 -coredown 0x90",100,Dut,sendCommand,0,,"PASS sc run 499 5 -coredown 0x90",PERTOS,xVT,"A -> FA",,,,1
1,2113,SOC,TEST-SC6-Pd-0x9F,,"sc run 6 5 -coredown 0x60",100,Dut,sendCommand,0,,"PASS sc run 6 5 -coredown 0x60",PERTOS,xVT,"A -> FA",,,,1
1,2114,SOC,TEST-SC7-Pd-0x9F,,"sc run 7 5 -coredown 0x60",100,Dut,sendCommand,0,,"PASS sc run 7 5 -coredown 0x60",PERTOS,xVT,"A -> FA",,,,1
1,2115,SOC,TEST-SC13-Pd-0x9F,,"sc run 13 10 -coredown 0x60",100,Dut,sendCommand,0,,"PASS sc run 13 10 -coredown 0x60",PERTOS,xVT,"A -> FA",,,,1
1,2116,SOC,TEST-SC19-Pd-0x9F,,"sc run 19 5 -coredown 0x60",100,Dut,sendCommand,0,,"PASS sc run 19 5 -coredown 0x60",PERTOS,xVT,"A -> FA",,,,1
1,2117,SOC,TEST-SC499-Pd-0x9F,,"sc run 499 5 -coredown 0x60",100,Dut,sendCommand,0,,"PASS sc run 499 5 -coredown 0x60",PERTOS,xVT,"A -> FA",,,,1
1,2118,SOC,ECHO-4CORE-SECTION-Pc,,"echo >>>> 4P, 1P+ANE, 1P+AMX <<<<",5,Rush,echo,0,,"PASS echo",PERTOS,xVT,AAB,,,,1
1,2119,SOC,SET-PERF-0xc502255-Pc-SC6,,"pmgr mode 0xc502255",10,Dut,sendCommand,0,,"PASS pmgr mode 0xc502255",PERTOS,xVT,"A -> FA",,,,1
1,2120,SOC,TEST-SC6-Pc,,"sc run 6 5",100,Dut,sendCommand,0,,"PASS sc run 6 5",PERTOS,xVT,"A -> FA",,,,1
1,2121,SOC,TEST-SC7-Pc,,"sc run 7 5",100,Dut,sendCommand,0,,"PASS sc run 7 5",PERTOS,xVT,"A -> FA",,,,1
1,2122,SOC,TEST-SC13-Pc,,"sc run 13 10",100,Dut,sendCommand,0,,"PASS sc run 13 10",PERTOS,xVT,"A -> FA",,,,1
1,2123,SOC,TEST-SC19-Pc,,"sc run 19 5",100,Dut,sendCommand,0,,"PASS sc run 19 5",PERTOS,xVT,"A -> FA",,,,1
1,2124,SOC,TEST-SC27-Pc,,"sc run 27 5",100,Dut,sendCommand,0,,"PASS sc run 27 5",PERTOS,xVT,"A -> FA",,,,1
1,2125,SOC,TEST-SC499-Pc,,"sc run 499 5",100,Dut,sendCommand,0,,"PASS sc run 499 5",PERTOS,xVT,"A -> FA",,,,1
1,2126,SOC,TEST-SC172-Pc-0x1F,,"sc run 172 5 -coredown 0xE0",100,Dut,sendCommand,0,,"PASS sc run 172 5 -coredown 0xE0",PERTOS,xVT,"A -> FA",,,,1
1,2127,SOC,TEST-SC182-Pc-0x1F,,"sc run 182 5 -coredown 0xE0",100,Dut,sendCommand,0,,"PASS sc run 182 5 -coredown 0xE0",PERTOS,xVT,"A -> FA",,,,1
1,2128,SOC,TEST-SC172-Pc-0x2F,,"sc run 172 5 -coredown 0xD0",100,Dut,sendCommand,0,,"PASS sc run 172 5 -coredown 0xD0",PERTOS,xVT,"A -> FA",,,,1
1,2129,SOC,TEST-SC182-Pc-0x2F,,"sc run 182 5 -coredown 0xD0",100,Dut,sendCommand,0,,"PASS sc run 182 5 -coredown 0xD0",PERTOS,xVT,"A -> FA",,,,1
1,2130,SOC,TEST-SC172-Pc-0x4F,,"sc run 172 5 -coredown 0xB0",100,Dut,sendCommand,0,,"PASS sc run 172 5 -coredown 0xB0",PERTOS,xVT,"A -> FA",,,,1
1,2131,SOC,TEST-SC182-Pc-0x4F,,"sc run 182 5 -coredown 0xB0",100,Dut,sendCommand,0,,"PASS sc run 182 5 -coredown 0xB0",PERTOS,xVT,"A -> FA",,,,1
1,2132,SOC,TEST-SC172-Pc-0x8F,,"sc run 172 5 -coredown 0x70",100,Dut,sendCommand,0,,"PASS sc run 172 5 -coredown 0x70",PERTOS,xVT,"A -> FA",,,,1
1,2133,SOC,TEST-SC182-Pc-0x8F,,"sc run 182 5 -coredown 0x70",100,Dut,sendCommand,0,,"PASS sc run 182 5 -coredown 0x70",PERTOS,xVT,"A -> FA",,,,1
1,2134,SOC,ECHO-4CORE-SECTION-Pb-SC6,,"echo >>>> 4P, 3P+ANE, 3P+AMX, 2P+AMX+ANE <<<<",5,Rush,echo,0,,"PASS echo",PERTOS,xVT,AAB,,,,1
1,2135,SOC,SET-PERF-0xb502255-Pb,,"pmgr mode 0xb502255",5,Dut,sendCommand,0,,"PASS pmgr mode 0xb502255",PERTOS,xVT,AAB,,,,1
1,2136,SOC,TEST-SC6-Pb,,"sc run 6 5",100,Dut,sendCommand,0,,"PASS sc run 6 5",PERTOS,xVT,"A -> FA",,,,1
1,2137,SOC,TEST-SC7-Pb,,"sc run 7 5",40,Dut,sendCommand,0,,"PASS sc run 7 5",PERTOS,xVT,"A -> FA",,,,1
1,2138,SOC,TEST-SC13-Pb,,"sc run 13 10",100,Dut,sendCommand,0,,"PASS sc run 13 10",PERTOS,xVT,"A -> FA",,,,1
1,2139,SOC,TEST-SC19-Pb,,"sc run 19 5",100,Dut,sendCommand,0,,"PASS sc run 19 5",PERTOS,xVT,"A -> FA",,,,1
1,2140,SOC,TEST-SC27-Pb,,"sc run 27 5",100,Dut,sendCommand,0,,"PASS sc run 27 5",PERTOS,xVT,"A -> FA",,,,1
1,2141,SOC,TEST-SC499-Pb,,"sc run 499 5",100,Dut,sendCommand,0,,"PASS sc run 499 5",PERTOS,xVT,"A -> FA",,,,1
1,2142,SOC,TEST-SC172-Pb-0xEF,,"sc run 172 5 -coredown 0x10",10,Dut,sendCommand,0,,"PASS sc run 172 5 -coredown 0x10",PERTOS,xVT,"A -> FA",,,,1
1,2143,SOC,TEST-SC182-Pb-0xEF,,"sc run 182 5 -coredown 0x10",10,Dut,sendCommand,0,,"PASS sc run 182 5 -coredown 0x10",PERTOS,xVT,"A -> FA",,,,1
1,2144,SOC,TEST-SC172-Pb-0xDF,,"sc run 172 5 -coredown 0x20",10,Dut,sendCommand,0,,"PASS sc run 172 5 -coredown 0x20",PERTOS,xVT,"A -> FA",,,,1
1,2145,SOC,TEST-SC182-Pb-0xDF,,"sc run 182 5 -coredown 0x20",10,Dut,sendCommand,0,,"PASS sc run 182 5 -coredown 0x20",PERTOS,xVT,"A -> FA",,,,1
1,2146,SOC,TEST-SC172-Pb-0xBF,,"sc run 172 5 -coredown 0x40",10,Dut,sendCommand,0,,"PASS sc run 172 5 -coredown 0x40",PERTOS,xVT,"A -> FA",,,,1
1,2147,SOC,TEST-SC182-Pb-0xBF,,"sc run 182 5 -coredown 0x40",10,Dut,sendCommand,0,,"PASS sc run 182 5 -coredown 0x40",PERTOS,xVT,"A -> FA",,,,1
1,2148,SOC,TEST-SC172-Pb-0x7F,,"sc run 172 5 -coredown 0x80",10,Dut,sendCommand,0,,"PASS sc run 172 5 -coredown 0x80",PERTOS,xVT,"A -> FA",,,,1
1,2149,SOC,TEST-SC182-Pb-0x7F,,"sc run 182 5 -coredown 0x80",10,Dut,sendCommand,0,,"PASS sc run 182 5 -coredown 0x80",PERTOS,xVT,"A -> FA",,,,1
1,2150,SOC,TEST-SC173-Pb-0xCF,,"sc run 173 5 -coredown 0x30",10,Dut,sendCommand,0,,"PASS sc run 173 5 -coredown 0x30",PERTOS,xVT,"A -> FA",,,,1
1,2151,SOC,TEST-SC184-Pb-0xCF,,"sc run 184 5 -coredown 0x30",10,Dut,sendCommand,0,,"PASS sc run 184 5 -coredown 0x30",PERTOS,xVT,"A -> FA",,,,1
1,2152,SOC,TEST-SC173-Pb-0x9F,,"sc run 173 5 -coredown 0x60",10,Dut,sendCommand,0,,"PASS sc run 173 5 -coredown 0x60",PERTOS,xVT,"A -> FA",,,,1
1,2153,SOC,TEST-SC184-Pb-0x9F,,"sc run 184 5 -coredown 0x60",10,Dut,sendCommand,0,,"PASS sc run 184 5 -coredown 0x60",PERTOS,xVT,"A -> FA",,,,1
1,2154,SOC,TEST-SC173-Pb-0x6F,,"sc run 173 5 -coredown 0x90",10,Dut,sendCommand,0,,"PASS sc run 173 5 -coredown 0x90",PERTOS,xVT,"A -> FA",,,,1
1,2155,SOC,TEST-SC184-Pb-0x6F,,"sc run 184 5 -coredown 0x90",10,Dut,sendCommand,0,,"PASS sc run 184 5 -coredown 0x90",PERTOS,xVT,"A -> FA",,,,1
1,2156,SOC,TEST-SC173-Pb-0x3F,,"sc run 173 5 -coredown 0xC0",10,Dut,sendCommand,0,,"PASS sc run 173 5 -coredown 0xC0",PERTOS,xVT,"A -> FA",,,,1
1,2157,SOC,TEST-SC184-Pb-0x3F,,"sc run 184 5 -coredown 0xC0",10,Dut,sendCommand,0,,"PASS sc run 184 5 -coredown 0xC0",PERTOS,xVT,"A -> FA",,,,1
1,2158,SOC,ECHO-4CORE-SECTION-Pa-SC6,,"echo >>>> 4P, 3P+ANE, 4P+AMX, 2P+AMX+ANE <<<<",5,Rush,echo,0,,"PASS echo",PERTOS,xVT,AAB,,,,1
1,2159,SOC,SET-PERF-0xa502255-Pa,,"pmgr mode 0xa502255",10,Dut,sendCommand,0,,"PASS pmgr mode 0xa502255",PERTOS,xVT,AAB,,,,1
1,2160,SOC,TEST-SC6-Pa,,"sc run 6 5",100,Dut,sendCommand,0,,"PASS sc run 6 5",PERTOS,xVT,"A -> FA",,,,1
1,2161,SOC,TEST-SC7-Pa,,"sc run 7 5",40,Dut,sendCommand,0,,"PASS sc run 7 5",PERTOS,xVT,"A -> FA",,,,1
1,2162,SOC,TEST-SC13-Pa,,"sc run 13 10",100,Dut,sendCommand,0,,"PASS sc run 13 10",PERTOS,xVT,"A -> FA",,,,1
1,2163,SOC,TEST-SC19-Pa,,"sc run 19 5",100,Dut,sendCommand,0,,"PASS sc run 19 5",PERTOS,xVT,"A -> FA",,,,1
1,2164,SOC,TEST-SC27-Pa,,"sc run 27 5",100,Dut,sendCommand,0,,"PASS sc run 27 5",PERTOS,xVT,"A -> FA",,,,1
1,2165,SOC,TEST-SC499-Pa,,"sc run 499 5",100,Dut,sendCommand,0,,"PASS sc run 499 5",PERTOS,xVT,"A -> FA",,,,1
1,2166,SOC,TEST-SC172-Pa-0xEF,,"sc run 172 5 -coredown 0x10",10,Dut,sendCommand,0,,"PASS sc run 172 5 -coredown 0x10",PERTOS,xVT,"A -> FA",,,,1
1,2167,SOC,TEST-SC182-Pa-0xEF,,"sc run 182 5 -coredown 0x10",10,Dut,sendCommand,0,,"PASS sc run 182 5 -coredown 0x10",PERTOS,xVT,"A -> FA",,,,1
1,2168,SOC,TEST-SC172-Pa-0xDF,,"sc run 172 5 -coredown 0x20",10,Dut,sendCommand,0,,"PASS sc run 172 5 -coredown 0x20",PERTOS,xVT,"A -> FA",,,,1
1,2169,SOC,TEST-SC182-Pa-0xDF,,"sc run 182 5 -coredown 0x20",10,Dut,sendCommand,0,,"PASS sc run 182 5 -coredown 0x20",PERTOS,xVT,"A -> FA",,,,1
1,2170,SOC,TEST-SC172-Pa-0xBF,,"sc run 172 5 -coredown 0x40",10,Dut,sendCommand,0,,"PASS sc run 172 5 -coredown 0x40",PERTOS,xVT,"A -> FA",,,,1
1,2171,SOC,TEST-SC182-Pa-0xBF,,"sc run 182 5 -coredown 0x40",10,Dut,sendCommand,0,,"PASS sc run 182 5 -coredown 0x40",PERTOS,xVT,"A -> FA",,,,1
1,2172,SOC,TEST-SC172-Pa-0x7F,,"sc run 172 5 -coredown 0x80",10,Dut,sendCommand,0,,"PASS sc run 172 5 -coredown 0x80",PERTOS,xVT,"A -> FA",,,,1
1,2173,SOC,TEST-SC182-Pa-0x7F,,"sc run 182 5 -coredown 0x80",10,Dut,sendCommand,0,,"PASS sc run 182 5 -coredown 0x80",PERTOS,xVT,"A -> FA",,,,1
1,2174,SOC,TEST-SC173-Pa-0xCF,,"sc run 173 5 -coredown 0x30",10,Dut,sendCommand,0,,"PASS sc run 173 5 -coredown 0x30",PERTOS,xVT,"A -> FA",,,,1
1,2175,SOC,TEST-SC184-Pa-0xCF,,"sc run 184 5 -coredown 0x30",10,Dut,sendCommand,0,,"PASS sc run 184 5 -coredown 0x30",PERTOS,xVT,"A -> FA",,,,1
1,2176,SOC,TEST-SC173-Pa-0x9F,,"sc run 173 5 -coredown 0x60",10,Dut,sendCommand,0,,"PASS sc run 173 5 -coredown 0x60",PERTOS,xVT,"A -> FA",,,,1
1,2177,SOC,TEST-SC184-Pa-0x9F,,"sc run 184 5 -coredown 0x60",10,Dut,sendCommand,0,,"PASS sc run 184 5 -coredown 0x60",PERTOS,xVT,"A -> FA",,,,1
1,2178,SOC,TEST-SC173-Pa-0x6F,,"sc run 173 5 -coredown 0x90",10,Dut,sendCommand,0,,"PASS sc run 173 5 -coredown 0x90",PERTOS,xVT,"A -> FA",,,,1
1,2179,SOC,TEST-SC184-Pa-0x6F,,"sc run 184 5 -coredown 0x90",10,Dut,sendCommand,0,,"PASS sc run 184 5 -coredown 0x90",PERTOS,xVT,"A -> FA",,,,1
1,2180,SOC,TEST-SC173-Pa-0x3F,,"sc run 173 5 -coredown 0xC0",10,Dut,sendCommand,0,,"PASS sc run 173 5 -coredown 0xC0",PERTOS,xVT,"A -> FA",,,,1
1,2181,SOC,TEST-SC184-Pa-0x3F,,"sc run 184 5 -coredown 0xC0",10,Dut,sendCommand,0,,"PASS sc run 184 5 -coredown 0xC0",PERTOS,xVT,"A -> FA",,,,1
1,2182,SOC,SET-PERF-0x9502245-P9-SC6,,"pmgr mode 0x9502255",10,Dut,sendCommand,0,,"PASS pmgr mode 0x9502255",PERTOS,xVT,"A -> FA",,,,1
1,2183,SOC,TEST-SC6-P9,,"sc run 6 5",100,Dut,sendCommand,0,,"PASS sc run 6 5",PERTOS,xVT,"A -> FA",,,,1
1,2184,SOC,TEST-SC7-P9,,"sc run 7 5",40,Dut,sendCommand,0,,"PASS sc run 7 5",PERTOS,xVT,"A -> FA",,,,1
1,2185,SOC,TEST-SC13-P9,,"sc run 13 10",100,Dut,sendCommand,0,,"PASS sc run 13 10",PERTOS,xVT,"A -> FA",,,,1
1,2186,SOC,TEST-SC19-P9,,"sc run 19 5",100,Dut,sendCommand,0,,"PASS sc run 19 5",PERTOS,xVT,"A -> FA",,,,1
1,2187,SOC,TEST-SC27-P9,,"sc run 27 5",100,Dut,sendCommand,0,,"PASS sc run 27 5",PERTOS,xVT,"A -> FA",,,,1
1,2188,SOC,TEST-SC172-P9,,"sc run 172 5",100,Dut,sendCommand,0,,"PASS sc run 172 5",PERTOS,xVT,"A -> FA",,,,1
1,2189,SOC,TEST-SC182-P9,,"sc run 182 5",100,Dut,sendCommand,0,,"PASS sc run 182 5",PERTOS,xVT,"A -> FA",,,,1
1,2190,SOC,TEST-SC499-P9,,"sc run 499 5",100,Dut,sendCommand,0,,"PASS sc run 499 5",PERTOS,xVT,"A -> FA",,,,1
1,2191,SOC,TEST-SC173-P9-0xEF,,"sc run 173 5 -coredown 0x10",10,Dut,sendCommand,0,,"PASS sc run 173 5 -coredown 0x10",PERTOS,xVT,"A -> FA",,,,1
1,2192,SOC,TEST-SC184-P9-0xEF,,"sc run 184 5 -coredown 0x10",10,Dut,sendCommand,0,,"PASS sc run 184 5 -coredown 0x10",PERTOS,xVT,"A -> FA",,,,1
1,2193,SOC,TEST-SC173-P9-0xDF,,"sc run 173 5 -coredown 0x20",10,Dut,sendCommand,0,,"PASS sc run 173 5 -coredown 0x20",PERTOS,xVT,"A -> FA",,,,1
1,2194,SOC,TEST-SC184-P9-0xDF,,"sc run 184 5 -coredown 0x20",10,Dut,sendCommand,0,,"PASS sc run 184 5 -coredown 0x20",PERTOS,xVT,"A -> FA",,,,1
1,2195,SOC,TEST-SC173-P9-0xBF,,"sc run 173 5 -coredown 0x40",10,Dut,sendCommand,0,,"PASS sc run 173 5 -coredown 0x40",PERTOS,xVT,"A -> FA",,,,1
1,2196,SOC,TEST-SC184-P9-0xBF,,"sc run 184 5 -coredown 0x40",10,Dut,sendCommand,0,,"PASS sc run 184 5 -coredown 0x40",PERTOS,xVT,"A -> FA",,,,1
1,2197,SOC,TEST-SC173-P9-0x7F,,"sc run 173 5 -coredown 0x80",10,Dut,sendCommand,0,,"PASS sc run 173 5 -coredown 0x80",PERTOS,xVT,"A -> FA",,,,1
1,2198,SOC,TEST-SC184-P9-0x7F,,"sc run 184 5 -coredown 0x80",10,Dut,sendCommand,0,,"PASS sc run 184 5 -coredown 0x80",PERTOS,xVT,"A -> FA",,,,1
1,2199,SOC,SET-PERF-0x8502245-P8-SC6,,"pmgr mode 0x8502255",10,Dut,sendCommand,0,,"PASS pmgr mode 0x8502255",PERTOS,xVT,AAB,,,,1
1,2200,SOC,TEST-SC6-P8,,"sc run 6 5",100,Dut,sendCommand,0,,"PASS sc run 6 5",PERTOS,xVT,"A -> FA",,,,1
1,2201,SOC,TEST-SC7-P8,,"sc run 7 5",40,Dut,sendCommand,0,,"PASS sc run 7 5",PERTOS,xVT,"A -> FA",,,,1
1,2202,SOC,TEST-SC13-P8,,"sc run 13 10",100,Dut,sendCommand,0,,"PASS sc run 13 10",PERTOS,xVT,"A -> FA",,,,1
1,2203,SOC,TEST-SC19-P8,,"sc run 19 5",100,Dut,sendCommand,0,,"PASS sc run 19 5",PERTOS,xVT,"A -> FA",,,,1
1,2204,SOC,TEST-SC27-P8,,"sc run 27 5",100,Dut,sendCommand,0,,"PASS sc run 27 5",PERTOS,xVT,"A -> FA",,,,1
1,2205,SOC,TEST-SC172-P8,,"sc run 172 5",10,Dut,sendCommand,0,,"PASS sc run 172 5",PERTOS,xVT,"A -> FA",,,,1
1,2206,SOC,TEST-SC173-P8,,"sc run 173 5",10,Dut,sendCommand,0,,"PASS sc run 173 5",PERTOS,xVT,"A -> FA",,,,1
1,2207,SOC,TEST-SC182-P8,,"sc run 182 5",10,Dut,sendCommand,0,,"PASS sc run 182 5",PERTOS,xVT,"A -> FA",,,,1
1,2208,SOC,TEST-SC184-P8,,"sc run 184 5",10,Dut,sendCommand,0,,"PASS sc run 184 5",PERTOS,xVT,"A -> FA",,,,1
1,2209,SOC,TEST-SC499-P8,,"sc run 499 5",100,Dut,sendCommand,0,,"PASS sc run 499 5",PERTOS,xVT,"A -> FA",,,,1
1,2210,SOC,SET-PERF-0x7502255-P7-SC6,,"pmgr mode 0x7502255",10,Dut,sendCommand,0,,"PASS pmgr mode 0x7502255",PERTOS,xVT,AAB,,,,1
1,2211,SOC,TEST-SC6-P7,,"sc run 6 5",100,Dut,sendCommand,0,,"PASS sc run 6 5",PERTOS,xVT,"A -> FA",,,,1
1,2212,SOC,TEST-SC7-P7,,"sc run 7 5",40,Dut,sendCommand,0,,"PASS sc run 7 5",PERTOS,xVT,"A -> FA",,,,1
1,2213,SOC,TEST-SC13-P7,,"sc run 13 10",100,Dut,sendCommand,0,,"PASS sc run 13 10",PERTOS,xVT,"A -> FA",,,,1
1,2214,SOC,TEST-SC19-P7,,"sc run 19 5",100,Dut,sendCommand,0,,"PASS sc run 19 5",PERTOS,xVT,"A -> FA",,,,1
1,2215,SOC,TEST-SC27-P7,,"sc run 27 5",100,Dut,sendCommand,0,,"PASS sc run 27 5",PERTOS,xVT,"A -> FA",,,,1
1,2216,SOC,TEST-SC172-P7,,"sc run 172 5",10,Dut,sendCommand,0,,"PASS sc run 172 5",PERTOS,xVT,"A -> FA",,,,1
1,2217,SOC,TEST-SC173-P7,,"sc run 173 5",10,Dut,sendCommand,0,,"PASS sc run 173 5",PERTOS,xVT,"A -> FA",,,,1
1,2218,SOC,TEST-SC182-P7,,"sc run 182 5",10,Dut,sendCommand,0,,"PASS sc run 182 5",PERTOS,xVT,"A -> FA",,,,1
1,2219,SOC,TEST-SC184-P7,,"sc run 184 5",10,Dut,sendCommand,0,,"PASS sc run 184 5",PERTOS,xVT,"A -> FA",,,,1
1,2220,SOC,TEST-SC499-P7,,"sc run 499 5",100,Dut,sendCommand,0,,"PASS sc run 499 5",PERTOS,xVT,"A -> FA",,,,1
1,2221,SOC,SET-PERF-0x6502245-P6-SC6,,"pmgr mode 0x6502245",10,Dut,sendCommand,0,,"PASS pmgr mode 0x6502245",PERTOS,xVT,AAB,,,,1
1,2222,SOC,TEST-SC6-P6,,"sc run 6 5",100,Dut,sendCommand,0,,"PASS sc run 6 5",PERTOS,xVT,"A -> FA",,,,1
1,2223,SOC,TEST-SC7-P6,,"sc run 7 5",40,Dut,sendCommand,0,,"PASS sc run 7 5",PERTOS,xVT,"A -> FA",,,,1
1,2224,SOC,TEST-SC13-P6,,"sc run 13 10",100,Dut,sendCommand,0,,"PASS sc run 13 10",PERTOS,xVT,"A -> FA",,,,1
1,2225,SOC,TEST-SC19-P6,,"sc run 19 5",100,Dut,sendCommand,0,,"PASS sc run 19 5",PERTOS,xVT,"A -> FA",,,,1
1,2226,SOC,TEST-SC27-P6,,"sc run 27 5",100,Dut,sendCommand,0,,"PASS sc run 27 5",PERTOS,xVT,"A -> FA",,,,1
1,2227,SOC,TEST-SC172-P6,,"sc run 172 5",10,Dut,sendCommand,0,,"PASS sc run 172 5",PERTOS,xVT,"A -> FA",,,,1
1,2228,SOC,TEST-SC173-P6,,"sc run 173 5",10,Dut,sendCommand,0,,"PASS sc run 173 5",PERTOS,xVT,"A -> FA",,,,1
1,2229,SOC,TEST-SC182-P6,,"sc run 182 5",10,Dut,sendCommand,0,,"PASS sc run 182 5",PERTOS,xVT,"A -> FA",,,,1
1,2230,SOC,TEST-SC184-P6,,"sc run 184 5",10,Dut,sendCommand,0,,"PASS sc run 184 5",PERTOS,xVT,"A -> FA",,,,1
1,2231,SOC,TEST-SC499-P6,,"sc run 499 5",100,Dut,sendCommand,0,,"PASS sc run 499 5",PERTOS,xVT,"A -> FA",,,,1
1,2232,SOC,SET-PERF-0x5502245-P5-SC6,,"pmgr mode 0x5502245",10,Dut,sendCommand,0,,"PASS pmgr mode 0x5502245",PERTOS,xVT,AAB,,,,1
1,2233,SOC,TEST-SC6-P5,,"sc run 6 5",100,Dut,sendCommand,0,,"PASS sc run 6 5",PERTOS,xVT,"A -> FA",,,,1
1,2234,SOC,TEST-SC7-P5,,"sc run 7 5",40,Dut,sendCommand,0,,"PASS sc run 7 5",PERTOS,xVT,"A -> FA",,,,1
1,2235,SOC,TEST-SC13-P5,,"sc run 13 10",100,Dut,sendCommand,0,,"PASS sc run 13 10",PERTOS,xVT,"A -> FA",,,,1
1,2236,SOC,TEST-SC19-P5,,"sc run 19 5",100,Dut,sendCommand,0,,"PASS sc run 19 5",PERTOS,xVT,"A -> FA",,,,1
1,2237,SOC,TEST-SC27-P5,,"sc run 27 5",100,Dut,sendCommand,0,,"PASS sc run 27 5",PERTOS,xVT,"A -> FA",,,,1
1,2238,SOC,TEST-SC172-P5,,"sc run 172 5",10,Dut,sendCommand,0,,"PASS sc run 172 5",PERTOS,xVT,"A -> FA",,,,1
1,2239,SOC,TEST-SC173-P5,,"sc run 173 5",10,Dut,sendCommand,0,,"PASS sc run 173 5",PERTOS,xVT,"A -> FA",,,,1
1,2240,SOC,TEST-SC182-P5,,"sc run 182 5",10,Dut,sendCommand,0,,"PASS sc run 182 5",PERTOS,xVT,"A -> FA",,,,1
1,2241,SOC,TEST-SC184-P5,,"sc run 184 5",10,Dut,sendCommand,0,,"PASS sc run 184 5",PERTOS,xVT,"A -> FA",,,,1
1,2242,SOC,TEST-SC499-P5,,"sc run 499 5",100,Dut,sendCommand,0,,"PASS sc run 499 5",PERTOS,xVT,"A -> FA",,,,1
1,2243,SOC,SET-PERF-0x4402245-P4-SC6,,"pmgr mode 0x4402245",10,Dut,sendCommand,0,,"PASS pmgr mode 0x4402245",PERTOS,xVT,AAB,,,,1
1,2244,SOC,TEST-SC6-P4,,"sc run 6 5",100,Dut,sendCommand,0,,"PASS sc run 6 5",PERTOS,xVT,"A -> FA",,,,1
1,2245,SOC,TEST-SC7-P4,,"sc run 7 5",40,Dut,sendCommand,0,,"PASS sc run 7 5",PERTOS,xVT,"A -> FA",,,,1
1,2246,SOC,TEST-SC13-P4,,"sc run 13 10",100,Dut,sendCommand,0,,"PASS sc run 13 10",PERTOS,xVT,"A -> FA",,,,1
1,2247,SOC,TEST-SC19-P4,,"sc run 19 5",100,Dut,sendCommand,0,,"PASS sc run 19 5",PERTOS,xVT,"A -> FA",,,,1
1,2248,SOC,TEST-SC27-P4,,"sc run 27 5",100,Dut,sendCommand,0,,"PASS sc run 27 5",PERTOS,xVT,"A -> FA",,,,1
1,2249,SOC,TEST-SC172-P4,,"sc run 172 5",10,Dut,sendCommand,0,,"PASS sc run 172 5",PERTOS,xVT,"A -> FA",,,,1
1,2250,SOC,TEST-SC173-P4,,"sc run 173 5",10,Dut,sendCommand,0,,"PASS sc run 173 5",PERTOS,xVT,"A -> FA",,,,1
1,2251,SOC,TEST-SC182-P4,,"sc run 182 5",10,Dut,sendCommand,0,,"PASS sc run 182 5",PERTOS,xVT,"A -> FA",,,,1
1,2252,SOC,TEST-SC184-P4,,"sc run 184 5",10,Dut,sendCommand,0,,"PASS sc run 184 5",PERTOS,xVT,"A -> FA",,,,1
1,2253,SOC,TEST-SC499-P4,,"sc run 499 5",100,Dut,sendCommand,0,,"PASS sc run 499 5",PERTOS,xVT,"A -> FA",,,,1
1,2254,SOC,SET-PERF-0x3302234-P3-SC6,,"pmgr mode 0x3302234",10,Dut,sendCommand,0,,"PASS pmgr mode 0x3302234",PERTOS,xVT,AAB,,,,1
1,2255,SOC,TEST-SC6-P3,,"sc run 6 5",100,Dut,sendCommand,0,,"PASS sc run 6 5",PERTOS,xVT,"A -> FA",,,,1
1,2256,SOC,TEST-SC7-P3,,"sc run 7 5",40,Dut,sendCommand,0,,"PASS sc run 7 5",PERTOS,xVT,"A -> FA",,,,1
1,2257,SOC,TEST-SC13-P3,,"sc run 13 10",100,Dut,sendCommand,0,,"PASS sc run 13 10",PERTOS,xVT,"A -> FA",,,,1
1,2258,SOC,TEST-SC19-P3,,"sc run 19 5",100,Dut,sendCommand,0,,"PASS sc run 19 5",PERTOS,xVT,"A -> FA",,,,1
1,2259,SOC,TEST-SC27-P3,,"sc run 27 5",100,Dut,sendCommand,0,,"PASS sc run 27 5",PERTOS,xVT,"A -> FA",,,,1
1,2260,SOC,TEST-SC172-P3,,"sc run 172 5",10,Dut,sendCommand,0,,"PASS sc run 172 5",PERTOS,xVT,"A -> FA",,,,1
1,2261,SOC,TEST-SC173-P3,,"sc run 173 5",10,Dut,sendCommand,0,,"PASS sc run 173 5",PERTOS,xVT,"A -> FA",,,,1
1,2262,SOC,TEST-SC182-P3,,"sc run 182 5",10,Dut,sendCommand,0,,"PASS sc run 182 5",PERTOS,xVT,"A -> FA",,,,1
1,2263,SOC,TEST-SC184-P3,,"sc run 184 5",10,Dut,sendCommand,0,,"PASS sc run 184 5",PERTOS,xVT,"A -> FA",,,,1
1,2264,SOC,TEST-SC499-P3,,"sc run 499 5",100,Dut,sendCommand,0,,"PASS sc run 499 5",PERTOS,xVT,"A -> FA",,,,1
1,2265,SOC,SET-PERF-0x2202234-P2-SC6,,"pmgr mode 0x2202234",10,Dut,sendCommand,0,,"PASS pmgr mode 0x2202234",PERTOS,xVT,AAB,,,,1
1,2266,SOC,TEST-SC6-P2,,"sc run 6 5",100,Dut,sendCommand,0,,"PASS sc run 6 5",PERTOS,xVT,"A -> FA",,,,1
1,2267,SOC,TEST-SC7-P2,,"sc run 7 5",40,Dut,sendCommand,0,,"PASS sc run 7 5",PERTOS,xVT,"A -> FA",,,,1
1,2268,SOC,TEST-SC13-P2,,"sc run 13 10",100,Dut,sendCommand,0,,"PASS sc run 13 10",PERTOS,xVT,"A -> FA",,,,1
1,2269,SOC,TEST-SC19-P2,,"sc run 19 5",100,Dut,sendCommand,0,,"PASS sc run 19 5",PERTOS,xVT,"A -> FA",,,,1
1,2270,SOC,TEST-SC27-P2,,"sc run 27 5",100,Dut,sendCommand,0,,"PASS sc run 27 5",PERTOS,xVT,"A -> FA",,,,1
1,2271,SOC,TEST-SC100-P2,,"sc run 100 5",10,Dut,sendCommand,0,,"PASS sc run 100 5",PERTOS,xVT,"A -> FA",,,,1
1,2272,SOC,TEST-SC172-P2,,"sc run 172 5",10,Dut,sendCommand,0,,"PASS sc run 172 5",PERTOS,xVT,"A -> FA",,,,1
1,2273,SOC,TEST-SC173-P2,,"sc run 173 5",10,Dut,sendCommand,0,,"PASS sc run 173 5",PERTOS,xVT,"A -> FA",,,,1
1,2274,SOC,TEST-SC182-P2,,"sc run 182 5",10,Dut,sendCommand,0,,"PASS sc run 182 5",PERTOS,xVT,"A -> FA",,,,1
1,2275,SOC,TEST-SC184-P2,,"sc run 184 5",10,Dut,sendCommand,0,,"PASS sc run 184 5",PERTOS,xVT,"A -> FA",,,,1
1,2276,SOC,TEST-SC499-P2,,"sc run 499 5",100,Dut,sendCommand,0,,"PASS sc run 499 5",PERTOS,xVT,"A -> FA",,,,1
1,2277,SOC,SET-PERF-0x1102234-P1-SC6,,"pmgr mode 0x1102234",10,Dut,sendCommand,0,,"PASS pmgr mode 0x1102234",PERTOS,xVT,AAB,,,,1
1,2278,SOC,TEST-SC6-P1,,"sc run 6 5",100,Dut,sendCommand,0,,"PASS sc run 6 5",PERTOS,xVT,"A -> FA",,,,1
1,2279,SOC,TEST-SC7-P1,,"sc run 7 5",40,Dut,sendCommand,0,,"PASS sc run 7 5",PERTOS,xVT,"A -> FA",,,,1
1,2280,SOC,TEST-SC13-P1,,"sc run 13 10",100,Dut,sendCommand,0,,"PASS sc run 13 10",PERTOS,xVT,"A -> FA",,,,1
1,2281,SOC,TEST-SC19-P1,,"sc run 19 5",100,Dut,sendCommand,0,,"PASS sc run 19 5",PERTOS,xVT,"A -> FA",,,,1
1,2282,SOC,TEST-SC27-P1,,"sc run 27 5",100,Dut,sendCommand,0,,"PASS sc run 27 5",PERTOS,xVT,"A -> FA",,,,1
1,2283,SOC,TEST-SC100-P1,,"sc run 100 5",10,Dut,sendCommand,0,,"PASS sc run 100 5",PERTOS,xVT,"A -> FA",,,,1
1,2284,SOC,TEST-SC172-P1,,"sc run 172 5",10,Dut,sendCommand,0,,"PASS sc run 172 5",PERTOS,xVT,"A -> FA",,,,1
1,2285,SOC,TEST-SC173-P1,,"sc run 173 5",10,Dut,sendCommand,0,,"PASS sc run 173 5",PERTOS,xVT,"A -> FA",,,,1
1,2286,SOC,TEST-SC182-P1,,"sc run 182 5",10,Dut,sendCommand,0,,"PASS sc run 182 5",PERTOS,xVT,"A -> FA",,,,1
1,2287,SOC,TEST-SC184-P1,,"sc run 184 5",10,Dut,sendCommand,0,,"PASS sc run 184 5",PERTOS,xVT,"A -> FA",,,,1
1,2288,SOC,TEST-SC499-P1,,"sc run 499 5",100,Dut,sendCommand,0,,"PASS sc run 499 5",PERTOS,xVT,"A -> FA",,,,1
1,2289,SOC,SET-BBQ-OFF,,"bbq off",5,Dut,sendCommand,0,,"PASS bbq off",PERTOS,xVT,AAB,,,,1
1,2290,SOC,ECHO-DRAM-TEST-SECTION,,"echo >>>> DRAM Tests <<<<",5,Rush,echo,0,,"PASS echo",PERTOS,xVT,AAB,,,,1
1,2291,SOC,SET-PERF-0xb502256-Pb,,"pmgr mode 0xb502256",5,Dut,sendCommand,0,,"PASS pmgr mode 0xb502256",PERTOS,xVT,AAB,,,,1
1,2292,SOC,SET-TREFI-SOC,,"ddr trefi soc",5,Dut,sendCommand,0,,"PASS ddr trefi soc",PERTOS,xVT,AAB,,,,1
1,2293,SOC,SET-DCS-PG-ON-Pb,,"ddr dcspg on",10,Dut,sendCommand,0,,"PASS ddr dcspg on",PERTOS,xVT,AAB,,,,1
1,2294,SOC,SET-MEM-COF-20-Pb,,"mem cof 20",5,Dut,sendCommand,0,,"PASS mem cof 20",PERTOS,xVT,AAB,,,,1
1,2295,SOC,SET-MEM-SWITCHER,,"switcher pattern ramp 2000000 -alt=10000 -jitter=1000 -clk:d=6_4_5_4_6_5 -cpu=2 -on",5,Dut,sendCommand,0,,"PASS switcher pattern ramp 2000000 -alt=10000 -jitter=1000 -clk:d=6_4_5_4_6_5 -cpu=2 -on",PERTOS,xVT,AAB,,,,1
1,2296,SOC,SET-MEM-VERBOSE-ON-Pb,,"mem vrb 2",10,Dut,sendCommand,0,,"PASS mem vrb 2",PERTOS,xVT,AAB,,,,1
1,2297,SOC,TEST-SC674-DRAM-64Bit-RET-Pb,,"sc run 674",500,Dut,sendCommand,0,,"PASS sc run 674",PERTOS,xVT,"A -> FA",600,,,1
1,2298,SOC,TEST-SC760-DRAM-64Bit-Pb,,"sc run 760",4000,Dut,sendCommand,0,,"PASS sc run 760",PERTOS,xVT,"A -> FA",900,,,1
1,2299,SOC,TEST-SC700-DRAM-32Bit-Pb,,"sc run 700",5000,Dut,sendCommand,0,,"PASS sc run 700",PERTOS,xVT,"A -> FA",900,,,1
1,2300,SOC,SWITCHER-RESET-OFF-Pb,,"switcher off -reset",5,Dut,sendCommand,0,,"PASS switcher off -reset",PERTOS,xVT,AAB,,,,1
1,2301,SOC,TEST-SC63-DRAM-Retention-Pb,,"sc run 63",130,Dut,sendCommand,0,,"PASS sc run 63",PERTOS,xVT,"A -> FA",,,,1
1,2302,SOC,TEST-SC58-DRAM-KHM-Pb,,"sc run 58",20,Dut,sendCommand,0,,"PASS sc run 58",PERTOS,xVT,"A -> FA",,,,1
1,2303,SOC,SET-MEM-VERBOSE-OFF-Pb,,"mem vrb 1",10,Dut,sendCommand,0,,"PASS mem vrb 1",PERTOS,xVT,AAB,,,,1
1,2304,SOC,SET-MEM-COF-0-Pb,,"mem cof 0",5,Dut,sendCommand,0,,"PASS mem cof 0",PERTOS,xVT,AAB,,,,1
1,2305,SOC,SET-DCS-PG-OOFF-Pb,,"ddr dcspg off",5,Dut,sendCommand,0,,"PASS ddr dcspg off",PERTOS,xVT,AAB,,,,1
1,2306,SOC,TEST-SC62-DRAM-ReFresh-Pb,,"sc run 62 5",130,Dut,sendCommand,0,,"PASS sc run 62 5",PERTOS,xVT,"A -> FA",,,,1
1,2307,SOC,TEST-DDR-Margin-Pb,,"ddr margin test 0x363 15",100,Dut,sendCommand,0,,"PASS ddr margin test 0x363 15",PERTOS,xVT,AAB,,,,1
1,2308,SOC,TEST-DDR-Vref-Pb,,"ddr vref test 0x363 4 4 4 4",100,Dut,sendCommand,0,,"PASS ddr vref test 0x363 4 4 4 4",PERTOS,xVT,AAB,,,,1
1,2309,SOC,SET-PERF-0x6502245-P6,,"pmgr mode 0x6502245",5,Dut,sendCommand,0,,"PASS pmgr mode 0x6502245",PERTOS,xVT,AAB,,,,1
1,2310,SOC,TEST-DDR-Vref-P6,,"ddr vref test 0x363 4 4 4 4",100,Dut,sendCommand,0,,"PASS ddr vref test 0x363 4 4 4 4",PERTOS,xVT,AAB,,,,1
1,2311,SOC,SET-DCSDCSPG-ON-P6,,"ddr dcspg on",100,Dut,sendCommand,0,,"PASS ddr dcspg on",PERTOS,xVT,AAB,,,,1
1,2312,SOC,SET-UT-DUMP,,"ut all status show",60,Dut,sendCommand,0,,"PASS ut all status show",PERTOS,xVT,"A -> FA",,,,1
1,2313,SOC,SET-PERF-0xc502236-PC,,"pmgr mode 0xc502236",5,Dut,sendCommand,0,,"PASS pmgr mode 0xc502236",PERTOS,xVT,AAB,,,,1
1,2314,SOC,SET-Switch-To-DRAM,,"xfer con",5,Dut,sendCommand,0,,"PASS xfer con",PERTOS,xVT,AAB,,,,1
1,2315,SOC,SET-PERF-0xc502236-PC-DRAM,,"pmgr mode 0xc502236",5,Dut,sendCommand,0,,"PASS pmgr mode 0xc502236",PERTOS,xVT,AAB,,,,1
1,2316,SOC,SET-CORE-UP-DRAM,,"core up acc",5,Dut,sendCommand,0,,"PASS core up acc",PERTOS,xVT,AAB,,,,1
1,2317,SOC,SET-DPE-RECFG-P2,,"acc dpeppt reconfig",5,Dut,sendCommand,0,,"PASS acc dpeppt reconfig",PERTOS,xVT,AAB,,,,1
1,2318,SOC,SET-DDR-FS3,,"mmu ddr-protect fs3",10,Dut,sendCommand,0,,"PASS mmu ddr-protect fs3",PERTOS,xVT,AAB,,,,1
1,2319,SOC,SET-MOUNT-USB-FS-2,,"fs mount ddr",5,Dut,sendCommand,0,,"PASS fs mount ddr",PERTOS,xVT,AAB,,,,1
1,2320,SOC,ECHO-ANE-TEST-SECTION,,"echo >>>> ANE Tests <<<<",5,Rush,echo,0,,"PASS echo",PERTOS,xVT,AAB,,,,1
1,2321,SOC,SET-BBQ-ANE,,"bbq config fg 625 0 4 150  0 0 E B",5,Dut,sendCommand,0,,"PASS bbq config fg 625 0 4 150  0 0 E B",PERTOS,xVT,"A -> FA",,,,1
1,2322,SOC,ECHO-3P-ANE-TEST-SECTION,,"echo >>>> uRBM + ANE <<<<",5,Rush,echo,0,,"PASS echo",PERTOS,xVT,AAB,,,,1
1,2323,SOC,SET-PERF-0xc202256-Pc,,"pmgr mode 0xc202256",5,Dut,sendCommand,0,,"PASS pmgr mode 0xc202256",PERTOS,xVT,AAB,,,,1
1,2324,SOC,TEST-SC179-Pc-0x10,,"sc run 179 5 -coredown 0x70",10,Dut,sendCommand,0,,"PASS sc run 179 5 -coredown 0x70",PERTOS,xVT,"A -> FA",,,,1
1,2325,SOC,TEST-SC179-Pc-0x20,,"sc run 179 5 -coredown 0xE0",10,Dut,sendCommand,0,,"PASS sc run 179 5 -coredown 0xE0",PERTOS,xVT,"A -> FA",,,,1
1,2326,SOC,TEST-SC179-Pc-0x40,,"sc run 179 5 -coredown 0xB0",10,Dut,sendCommand,0,,"PASS sc run 179 5 -coredown 0xB0",PERTOS,xVT,"A -> FA",,,,1
1,2327,SOC,TEST-SC179-Pc-0x80,,"sc run 179 5 -coredown 0xD0",10,Dut,sendCommand,0,,"PASS sc run 179 5 -coredown 0xD0",PERTOS,xVT,"A -> FA",,,,1
1,2328,SOC,SET-PERF-0xb202256-Pb,,"pmgr mode 0xb202256",5,Dut,sendCommand,0,,"PASS pmgr mode 0xb202256",PERTOS,xVT,AAB,,,,1
1,2329,SOC,TEST-SC179-Pb-0x10,,"sc run 179 5 -coredown 0x10",10,Dut,sendCommand,0,,"PASS sc run 179 5 -coredown 0x10",PERTOS,xVT,"A -> FA",,,,1
1,2330,SOC,TEST-SC179-Pb-0x20,,"sc run 179 5 -coredown 0x20",10,Dut,sendCommand,0,,"PASS sc run 179 5 -coredown 0x20",PERTOS,xVT,"A -> FA",,,,1
1,2331,SOC,TEST-SC179-Pb-0x40,,"sc run 179 5 -coredown 0x40",10,Dut,sendCommand,0,,"PASS sc run 179 5 -coredown 0x40",PERTOS,xVT,"A -> FA",,,,1
1,2332,SOC,TEST-SC179-Pb-0x80,,"sc run 179 5 -coredown 0x80",10,Dut,sendCommand,0,,"PASS sc run 179 5 -coredown 0x80",PERTOS,xVT,"A -> FA",,,,1
1,2333,SOC,TEST-SC179-Pb-0xF0,,"sc run 179 5 -coredown 0xf0",10,Dut,sendCommand,0,,"PASS sc run 179 5 -coredown 0xf0",PERTOS,xVT,"A -> FA",,,,1
1,2334,SOC,SET-PERF-0xa202256-Pa,,"pmgr mode 0xa202256",5,Dut,sendCommand,0,,"PASS pmgr mode 0xa202256",PERTOS,xVT,AAB,,,,1
1,2335,SOC,TEST-SC179-Pa-0x10,,"sc run 179 5 -coredown 0x10",10,Dut,sendCommand,0,,"PASS sc run 179 5 -coredown 0x10",PERTOS,xVT,"A -> FA",,,,1
1,2336,SOC,TEST-SC179-Pa-0x20,,"sc run 179 5 -coredown 0x20",10,Dut,sendCommand,0,,"PASS sc run 179 5 -coredown 0x20",PERTOS,xVT,"A -> FA",,,,1
1,2337,SOC,TEST-SC179-Pa-0x40,,"sc run 179 5 -coredown 0x40",10,Dut,sendCommand,0,,"PASS sc run 179 5 -coredown 0x40",PERTOS,xVT,"A -> FA",,,,1
1,2338,SOC,TEST-SC179-Pa-0x80,,"sc run 179 5 -coredown 0x80",10,Dut,sendCommand,0,,"PASS sc run 179 5 -coredown 0x80",PERTOS,xVT,"A -> FA",,,,1
1,2339,SOC,TEST-SC179-Pa-0xF0,,"sc run 179 5 -coredown 0xf0",10,Dut,sendCommand,0,,"PASS sc run 179 5 -coredown 0xf0",PERTOS,xVT,"A -> FA",,,,1
1,2340,SOC,SET-PERF-0x9232246-P9,,"pmgr mode 0x9202256",5,Dut,sendCommand,0,,"PASS pmgr mode 0x9202256",PERTOS,xVT,AAB,,,,1
1,2341,SOC,TEST-SC179-ANE-BBQ-P9,,"sc run 179 5",10,Dut,sendCommand,0,,"PASS sc run 179 5",PERTOS,xVT,"A -> FA",,,,1
1,2342,SOC,TEST-SC179-ANE-BBQ-P9-0xF0,,"sc run 179 5 -coredown 0xf0",10,Dut,sendCommand,0,,"PASS sc run 179 5 -coredown 0xf0",PERTOS,xVT,"A -> FA",,,,1
1,2343,SOC,SET-PERF-0x8232246-P8,,"pmgr mode 0x8202256",5,Dut,sendCommand,0,,"PASS pmgr mode 0x8202256",PERTOS,xVT,AAB,,,,1
1,2344,SOC,TEST-SC179-ANE-BBQ-P8,,"sc run 179 5",10,Dut,sendCommand,0,,"PASS sc run 179 5",PERTOS,xVT,"A -> FA",,,,1
1,2345,SOC,TEST-SC179-ANE-BBQ-P8-0xF0,,"sc run 179 5 -coredown 0xf0",10,Dut,sendCommand,0,,"PASS sc run 179 5 -coredown 0xf0",PERTOS,xVT,"A -> FA",,,,1
1,2346,SOC,SET-PERF-0x7202256-P7,,"pmgr mode 0x7202256",5,Dut,sendCommand,0,,"PASS pmgr mode 0x7202256",PERTOS,xVT,AAB,,,,1
1,2347,SOC,TEST-SC179-ANE-BBQ-P7,,"sc run 179 5",10,Dut,sendCommand,0,,"PASS sc run 179 5",PERTOS,xVT,"A -> FA",,,,1
1,2348,SOC,SET-PERF-0x6202246-P6,,"pmgr mode 0x6202246",5,Dut,sendCommand,0,,"PASS pmgr mode 0x6202246",PERTOS,xVT,AAB,,,,1
1,2349,SOC,TEST-SC179-ANE-BBQ-P6,,"sc run 179 5",10,Dut,sendCommand,0,,"PASS sc run 179 5",PERTOS,xVT,"A -> FA",,,,1
1,2350,SOC,SET-PERF-0x5202246-P5,,"pmgr mode 0x5202246",5,Dut,sendCommand,0,,"PASS pmgr mode 0x5202246",PERTOS,xVT,AAB,,,,1
1,2351,SOC,TEST-SC179-ANE-BBQ-P5,,"sc run 179 5",10,Dut,sendCommand,0,,"PASS sc run 179 5",PERTOS,xVT,"A -> FA",,,,1
1,2352,SOC,SET-PERF-0x4202246-P4,,"pmgr mode 0x4202246",5,Dut,sendCommand,0,,"PASS pmgr mode 0x4202246",PERTOS,xVT,AAB,,,,1
1,2353,SOC,TEST-SC179-ANE-BBQ-P4,,"sc run 179 5",10,Dut,sendCommand,0,,"PASS sc run 179 5",PERTOS,xVT,"A -> FA",,,,1
1,2354,SOC,SET-PERF-0x3202246-P3,,"pmgr mode 0x3202246",5,Dut,sendCommand,0,,"PASS pmgr mode 0x3202246",PERTOS,xVT,AAB,,,,1
1,2355,SOC,TEST-SC179-ANE-BBQ-P3,,"sc run 179 5",10,Dut,sendCommand,0,,"PASS sc run 179 5",PERTOS,xVT,"A -> FA",,,,1
1,2356,SOC,SET-PERF-0x2202246-P2,,"pmgr mode 0x2202246",5,Dut,sendCommand,0,,"PASS pmgr mode 0x2202246",PERTOS,xVT,AAB,,,,1
1,2357,SOC,TEST-SC179-ANE-BBQ-P2,,"sc run 179 5",10,Dut,sendCommand,0,,"PASS sc run 179 5",PERTOS,xVT,"A -> FA",,,,1
1,2358,SOC,SET-PERF-0x1202246-P1,,"pmgr mode 0x1202246",5,Dut,sendCommand,0,,"PASS pmgr mode 0x1202246",PERTOS,xVT,AAB,,,,1
1,2359,SOC,TEST-SC179-ANE-BBQ-P1,,"sc run 179 5",10,Dut,sendCommand,0,,"PASS sc run 179 5",PERTOS,xVT,"A -> FA",,,,1
1,2360,SOC,ECHO-uRBM-ANE-TEST,,"echo >>>> uRBM + ANE Tests <<<<",5,Rush,echo,0,,"PASS echo",PERTOS,xVT,AAB,,,,1
1,2361,SOC,SET-PERF-0xc502255-Pc-SC186,,"pmgr mode 0xc502255",10,Dut,sendCommand,0,,"PASS pmgr mode 0xc502255",PERTOS,xVT,"A -> FA",,,,1
1,2362,SOC,TEST-SC186-Pc-0xE0,,"sc run 186 5 -coredown 0xE0",100,Dut,sendCommand,0,,"PASS sc run 186 5 -coredown 0xE0",PERTOS,xVT,"A -> FA",,,,1
1,2363,SOC,TEST-SC405-Pc-0xE0,,"sc run 405 5 -coredown 0xE0",100,Dut,sendCommand,0,,"PASS sc run 405 5 -coredown 0xE0",PERTOS,xVT,"A -> FA",,,,1
1,2364,SOC,TEST-SC408-Pc-0xE0,,"sc run 408 5 -coredown 0xE0",100,Dut,sendCommand,0,,"PASS sc run 408 5 -coredown 0xE0",PERTOS,xVT,"A -> FA",,,,1
1,2365,SOC,TEST-SC415-Pc-0xE0,,"sc run 415 5 -coredown 0xE0",10,Dut,sendCommand,0,,"PASS sc run 415 5 -coredown 0xE0",PERTOS,xVT,"A -> FA",,,,1
1,2366,SOC,TEST-SC441-Pc-0xE0,,"sc run 441 5 -coredown 0xE0",100,Dut,sendCommand,0,,"PASS sc run 441 5 -coredown 0xE0",PERTOS,xVT,"A -> FA",,,,1
1,2367,SOC,TEST-SC186-Pc-0xD0,,"sc run 186 5 -coredown 0xD0",100,Dut,sendCommand,0,,"PASS sc run 186 5 -coredown 0xD0",PERTOS,xVT,"A -> FA",,,,1
1,2368,SOC,TEST-SC405-Pc-0xD0,,"sc run 405 5 -coredown 0xD0",100,Dut,sendCommand,0,,"PASS sc run 405 5 -coredown 0xD0",PERTOS,xVT,"A -> FA",,,,1
1,2369,SOC,TEST-SC408-Pc-0xD0,,"sc run 408 5 -coredown 0xD0",100,Dut,sendCommand,0,,"PASS sc run 408 5 -coredown 0xD0",PERTOS,xVT,"A -> FA",,,,1
1,2370,SOC,TEST-SC415-Pc-0xD0,,"sc run 415 5 -coredown 0xD0",10,Dut,sendCommand,0,,"PASS sc run 415 5 -coredown 0xD0",PERTOS,xVT,"A -> FA",,,,1
1,2371,SOC,TEST-SC441-Pc-0xD0,,"sc run 441 5 -coredown 0xD0",100,Dut,sendCommand,0,,"PASS sc run 441 5 -coredown 0xD0",PERTOS,xVT,"A -> FA",,,,1
1,2372,SOC,TEST-SC186-Pc-0xB0,,"sc run 186 5 -coredown 0xB0",100,Dut,sendCommand,0,,"PASS sc run 186 5 -coredown 0xB0",PERTOS,xVT,"A -> FA",,,,1
1,2373,SOC,TEST-SC405-Pc-0xB0,,"sc run 405 5 -coredown 0xB0",100,Dut,sendCommand,0,,"PASS sc run 405 5 -coredown 0xB0",PERTOS,xVT,"A -> FA",,,,1
1,2374,SOC,TEST-SC408-Pc-0xB0,,"sc run 408 5 -coredown 0xB0",100,Dut,sendCommand,0,,"PASS sc run 408 5 -coredown 0xB0",PERTOS,xVT,"A -> FA",,,,1
1,2375,SOC,TEST-SC415-Pc-0xB0,,"sc run 415 5 -coredown 0xB0",10,Dut,sendCommand,0,,"PASS sc run 415 5 -coredown 0xB0",PERTOS,xVT,"A -> FA",,,,1
1,2376,SOC,TEST-SC441-Pc-0xB0,,"sc run 441 5 -coredown 0xB0",100,Dut,sendCommand,0,,"PASS sc run 441 5 -coredown 0xB0",PERTOS,xVT,"A -> FA",,,,1
1,2377,SOC,TEST-SC186-Pc-0x70,,"sc run 186 5 -coredown 0x70",100,Dut,sendCommand,0,,"PASS sc run 186 5 -coredown 0x70",PERTOS,xVT,"A -> FA",,,,1
1,2378,SOC,TEST-SC405-Pc-0x70,,"sc run 405 5 -coredown 0x70",100,Dut,sendCommand,0,,"PASS sc run 405 5 -coredown 0x70",PERTOS,xVT,"A -> FA",,,,1
1,2379,SOC,TEST-SC408-Pc-0x70,,"sc run 408 5 -coredown 0x70",100,Dut,sendCommand,0,,"PASS sc run 408 5 -coredown 0x70",PERTOS,xVT,"A -> FA",,,,1
1,2380,SOC,TEST-SC415-Pc-0x70,,"sc run 415 5 -coredown 0x70",10,Dut,sendCommand,0,,"PASS sc run 415 5 -coredown 0x70",PERTOS,xVT,"A -> FA",,,,1
1,2381,SOC,TEST-SC441-Pc-0x70,,"sc run 441 5 -coredown 0x70",100,Dut,sendCommand,0,,"PASS sc run 441 5 -coredown 0x70",PERTOS,xVT,"A -> FA",,,,1
1,2382,SOC,SET-PERF-0xb502255-Pb-SC186,,"pmgr mode 0xb502255",5,Dut,sendCommand,0,,"PASS pmgr mode 0xb502255",PERTOS,xVT,AAB,,,,1
1,2383,SOC,TEST-SC186-Pb-0x10,,"sc run 186 5 -coredown 0x10",100,Dut,sendCommand,0,,"PASS sc run 186 5 -coredown 0x10",PERTOS,xVT,"A -> FA",,,,1
1,2384,SOC,TEST-SC188-Pb-0x10,,"sc run 188 5 -coredown 0x10",100,Dut,sendCommand,0,,"PASS sc run 188 5 -coredown 0x10",PERTOS,xVT,"A -> FA",,,,1
1,2385,SOC,TEST-SC191-Pb-0x10,,"sc run 191 5 -coredown 0x10",100,Dut,sendCommand,0,,"PASS sc run 191 5 -coredown 0x10",PERTOS,xVT,"A -> FA",,,,1
1,2386,SOC,TEST-SC401-Pb-0x10,,"sc run 401 5 -coredown 0x10",10,Dut,sendCommand,0,,"PASS sc run 401 5 -coredown 0x10",PERTOS,xVT,"A -> FA",,,,1
1,2387,SOC,TEST-SC403-Pb-0x10,,"sc run 403 5 -coredown 0x10",10,Dut,sendCommand,0,,"PASS sc run 403 5 -coredown 0x10",PERTOS,xVT,"A -> FA",,,,1
1,2388,SOC,TEST-SC186-Pb-0x20,,"sc run 186 5 -coredown 0x20",100,Dut,sendCommand,0,,"PASS sc run 186 5 -coredown 0x20",PERTOS,xVT,"A -> FA",,,,1
1,2389,SOC,TEST-SC188-Pb-0x20,,"sc run 188 5 -coredown 0x20",100,Dut,sendCommand,0,,"PASS sc run 188 5 -coredown 0x20",PERTOS,xVT,"A -> FA",,,,1
1,2390,SOC,TEST-SC191-Pb-0x20,,"sc run 191 5 -coredown 0x20",100,Dut,sendCommand,0,,"PASS sc run 191 5 -coredown 0x20",PERTOS,xVT,"A -> FA",,,,1
1,2391,SOC,TEST-SC401-Pb-0x20,,"sc run 401 5 -coredown 0x20",10,Dut,sendCommand,0,,"PASS sc run 401 5 -coredown 0x20",PERTOS,xVT,"A -> FA",,,,1
1,2392,SOC,TEST-SC403-Pb-0x20,,"sc run 403 5 -coredown 0x20",10,Dut,sendCommand,0,,"PASS sc run 403 5 -coredown 0x20",PERTOS,xVT,"A -> FA",,,,1
1,2393,SOC,TEST-SC186-Pb-0x40,,"sc run 186 5 -coredown 0x40",100,Dut,sendCommand,0,,"PASS sc run 186 5 -coredown 0x40",PERTOS,xVT,"A -> FA",,,,1
1,2394,SOC,TEST-SC188-Pb-0x40,,"sc run 188 5 -coredown 0x40",100,Dut,sendCommand,0,,"PASS sc run 188 5 -coredown 0x40",PERTOS,xVT,"A -> FA",,,,1
1,2395,SOC,TEST-SC191-Pb-0x40,,"sc run 191 5 -coredown 0x40",100,Dut,sendCommand,0,,"PASS sc run 191 5 -coredown 0x40",PERTOS,xVT,"A -> FA",,,,1
1,2396,SOC,TEST-SC401-Pb-0x40,,"sc run 401 5 -coredown 0x40",10,Dut,sendCommand,0,,"PASS sc run 401 5 -coredown 0x40",PERTOS,xVT,"A -> FA",,,,1
1,2397,SOC,TEST-SC403-Pb-0x40,,"sc run 403 5 -coredown 0x40",10,Dut,sendCommand,0,,"PASS sc run 403 5 -coredown 0x40",PERTOS,xVT,"A -> FA",,,,1
1,2398,SOC,TEST-SC186-Pb-0x80,,"sc run 186 5 -coredown 0x80",100,Dut,sendCommand,0,,"PASS sc run 186 5 -coredown 0x80",PERTOS,xVT,"A -> FA",,,,1
1,2399,SOC,TEST-SC188-Pb-0x80,,"sc run 188 5 -coredown 0x80",100,Dut,sendCommand,0,,"PASS sc run 188 5 -coredown 0x80",PERTOS,xVT,"A -> FA",,,,1
1,2400,SOC,TEST-SC191-Pb-0x80,,"sc run 191 5 -coredown 0x80",100,Dut,sendCommand,0,,"PASS sc run 191 5 -coredown 0x80",PERTOS,xVT,"A -> FA",,,,1
1,2401,SOC,TEST-SC401-Pb-0x80,,"sc run 401 5 -coredown 0x80",10,Dut,sendCommand,0,,"PASS sc run 401 5 -coredown 0x80",PERTOS,xVT,"A -> FA",,,,1
1,2402,SOC,TEST-SC403-Pb-0x80,,"sc run 403 5 -coredown 0x80",10,Dut,sendCommand,0,,"PASS sc run 403 5 -coredown 0x80",PERTOS,xVT,"A -> FA",,,,1
1,2403,SOC,TEST-SC187-Pb-0x30,,"sc run 187 5 -coredown 0x30",100,Dut,sendCommand,0,,"PASS sc run 187 5 -coredown 0x30",PERTOS,xVT,"A -> FA",,,,1
1,2404,SOC,TEST-SC187-Pb-0xC0,,"sc run 187 5 -coredown 0xc0",100,Dut,sendCommand,0,,"PASS sc run 187 5 -coredown 0xc0",PERTOS,xVT,"A -> FA",,,,1
1,2405,SOC,TEST-SC187-Pb-0x90,,"sc run 187 5 -coredown 0x90",100,Dut,sendCommand,0,,"PASS sc run 187 5 -coredown 0x90",PERTOS,xVT,"A -> FA",,,,1
1,2406,SOC,TEST-SC187-Pb-0x60,,"sc run 187 5 -coredown 0x60",100,Dut,sendCommand,0,,"PASS sc run 187 5 -coredown 0x60",PERTOS,xVT,"A -> FA",,,,1
1,2407,SOC,SET-PERF-0xa502255-Pa-SC186,,"pmgr mode 0xa502255",10,Dut,sendCommand,0,,"PASS pmgr mode 0xa502255",PERTOS,xVT,AAB,,,,1
1,2408,SOC,TEST-SC186-Pa-0x10,,"sc run 186 5 -coredown 0x10",100,Dut,sendCommand,0,,"PASS sc run 186 5 -coredown 0x10",PERTOS,xVT,"A -> FA",,,,1
1,2409,SOC,TEST-SC188-Pa-0x10,,"sc run 188 5 -coredown 0x10",100,Dut,sendCommand,0,,"PASS sc run 188 5 -coredown 0x10",PERTOS,xVT,"A -> FA",,,,1
1,2410,SOC,TEST-SC191-Pa-0x10,,"sc run 191 5 -coredown 0x10",100,Dut,sendCommand,0,,"PASS sc run 191 5 -coredown 0x10",PERTOS,xVT,"A -> FA",,,,1
1,2411,SOC,TEST-SC401-Pa-0x10,,"sc run 401 5 -coredown 0x10",10,Dut,sendCommand,0,,"PASS sc run 401 5 -coredown 0x10",PERTOS,xVT,"A -> FA",,,,1
1,2412,SOC,TEST-SC403-Pa-0x10,,"sc run 403 5 -coredown 0x10",10,Dut,sendCommand,0,,"PASS sc run 403 5 -coredown 0x10",PERTOS,xVT,"A -> FA",,,,1
1,2413,SOC,TEST-SC186-Pa-0x20,,"sc run 186 5 -coredown 0x20",100,Dut,sendCommand,0,,"PASS sc run 186 5 -coredown 0x20",PERTOS,xVT,"A -> FA",,,,1
1,2414,SOC,TEST-SC188-Pa-0x20,,"sc run 188 5 -coredown 0x20",100,Dut,sendCommand,0,,"PASS sc run 188 5 -coredown 0x20",PERTOS,xVT,"A -> FA",,,,1
1,2415,SOC,TEST-SC191-Pa-0x20,,"sc run 191 5 -coredown 0x20",100,Dut,sendCommand,0,,"PASS sc run 191 5 -coredown 0x20",PERTOS,xVT,"A -> FA",,,,1
1,2416,SOC,TEST-SC401-Pa-0x20,,"sc run 401 5 -coredown 0x20",10,Dut,sendCommand,0,,"PASS sc run 401 5 -coredown 0x20",PERTOS,xVT,"A -> FA",,,,1
1,2417,SOC,TEST-SC403-Pa-0x20,,"sc run 403 5 -coredown 0x20",10,Dut,sendCommand,0,,"PASS sc run 403 5 -coredown 0x20",PERTOS,xVT,"A -> FA",,,,1
1,2418,SOC,TEST-SC186-Pa-0x40,,"sc run 186 5 -coredown 0x40",100,Dut,sendCommand,0,,"PASS sc run 186 5 -coredown 0x40",PERTOS,xVT,"A -> FA",,,,1
1,2419,SOC,TEST-SC188-Pa-0x40,,"sc run 188 5 -coredown 0x40",100,Dut,sendCommand,0,,"PASS sc run 188 5 -coredown 0x40",PERTOS,xVT,"A -> FA",,,,1
1,2420,SOC,TEST-SC191-Pa-0x40,,"sc run 191 5 -coredown 0x40",100,Dut,sendCommand,0,,"PASS sc run 191 5 -coredown 0x40",PERTOS,xVT,"A -> FA",,,,1
1,2421,SOC,TEST-SC401-Pa-0x40,,"sc run 401 5 -coredown 0x40",10,Dut,sendCommand,0,,"PASS sc run 401 5 -coredown 0x40",PERTOS,xVT,"A -> FA",,,,1
1,2422,SOC,TEST-SC403-Pa-0x40,,"sc run 403 5 -coredown 0x40",10,Dut,sendCommand,0,,"PASS sc run 403 5 -coredown 0x40",PERTOS,xVT,"A -> FA",,,,1
1,2423,SOC,TEST-SC186-Pa-0x80,,"sc run 186 5 -coredown 0x80",100,Dut,sendCommand,0,,"PASS sc run 186 5 -coredown 0x80",PERTOS,xVT,"A -> FA",,,,1
1,2424,SOC,TEST-SC188-Pa-0x80,,"sc run 188 5 -coredown 0x80",100,Dut,sendCommand,0,,"PASS sc run 188 5 -coredown 0x80",PERTOS,xVT,"A -> FA",,,,1
1,2425,SOC,TEST-SC191-Pa-0x80,,"sc run 191 5 -coredown 0x80",100,Dut,sendCommand,0,,"PASS sc run 191 5 -coredown 0x80",PERTOS,xVT,"A -> FA",,,,1
1,2426,SOC,TEST-SC401-Pa-0x80,,"sc run 401 5 -coredown 0x80",10,Dut,sendCommand,0,,"PASS sc run 401 5 -coredown 0x80",PERTOS,xVT,"A -> FA",,,,1
1,2427,SOC,TEST-SC403-Pa-0x80,,"sc run 403 5 -coredown 0x80",10,Dut,sendCommand,0,,"PASS sc run 403 5 -coredown 0x80",PERTOS,xVT,"A -> FA",,,,1
1,2428,SOC,TEST-SC187-Pa-0x30,,"sc run 187 5 -coredown 0x30",100,Dut,sendCommand,0,,"PASS sc run 187 5 -coredown 0x30",PERTOS,xVT,"A -> FA",,,,1
1,2429,SOC,TEST-SC187-Pa-0xC0,,"sc run 187 5 -coredown 0xc0",100,Dut,sendCommand,0,,"PASS sc run 187 5 -coredown 0xc0",PERTOS,xVT,"A -> FA",,,,1
1,2430,SOC,TEST-SC187-Pa-0x90,,"sc run 187 5 -coredown 0x90",100,Dut,sendCommand,0,,"PASS sc run 187 5 -coredown 0x90",PERTOS,xVT,"A -> FA",,,,1
1,2431,SOC,TEST-SC187-Pa-0x60,,"sc run 187 5 -coredown 0x60",100,Dut,sendCommand,0,,"PASS sc run 187 5 -coredown 0x60",PERTOS,xVT,"A -> FA",,,,1
1,2432,SOC,SET-PERF-0x9502255-P9-SC186,,"pmgr mode 0x9502255",10,Dut,sendCommand,0,,"PASS pmgr mode 0x9502255",PERTOS,xVT,"A -> FA",,,,1
1,2433,SOC,TEST-SC186-P9,,"sc run 186 5",100,Dut,sendCommand,0,,"PASS sc run 186 5",PERTOS,xVT,"A -> FA",,,,1
1,2434,SOC,TEST-SC188-P9,,"sc run 188 5",100,Dut,sendCommand,0,,"PASS sc run 188 5",PERTOS,xVT,"A -> FA",,,,1
1,2435,SOC,TEST-SC191-P9,,"sc run 191 5",100,Dut,sendCommand,0,,"PASS sc run 191 5",PERTOS,xVT,"A -> FA",,,,1
1,2436,SOC,TEST-SC401-P9,,"sc run 401 5",10,Dut,sendCommand,0,,"PASS sc run 401 5",PERTOS,xVT,"A -> FA",,,,1
1,2437,SOC,TEST-SC403-P9,,"sc run 403 5",10,Dut,sendCommand,0,,"PASS sc run 403 5",PERTOS,xVT,"A -> FA",,,,1
1,2438,SOC,TEST-SC187-P9-0x10,,"sc run 187 5 -coredown 0x10",100,Dut,sendCommand,0,,"PASS sc run 187 5 -coredown 0x10",PERTOS,xVT,"A -> FA",,,,1
1,2439,SOC,TEST-SC187-P9-0x20,,"sc run 187 5 -coredown 0x20",100,Dut,sendCommand,0,,"PASS sc run 187 5 -coredown 0x20",PERTOS,xVT,"A -> FA",,,,1
1,2440,SOC,TEST-SC187-P9-0x40,,"sc run 187 5 -coredown 0x40",100,Dut,sendCommand,0,,"PASS sc run 187 5 -coredown 0x40",PERTOS,xVT,"A -> FA",,,,1
1,2441,SOC,TEST-SC187-P9-0x80,,"sc run 187 5 -coredown 0x80",100,Dut,sendCommand,0,,"PASS sc run 187 5 -coredown 0x80",PERTOS,xVT,"A -> FA",,,,1
1,2442,SOC,SET-PERF-0x8502255-P8-SC186,,"pmgr mode 0x8502255",5,Dut,sendCommand,0,,"PASS pmgr mode 0x8502255",PERTOS,xVT,AAB,,,,1
1,2443,SOC,TEST-SC186-P8,,"sc run 186 5",100,Dut,sendCommand,0,,"PASS sc run 186 5",PERTOS,xVT,"A -> FA",,,,1
1,2444,SOC,TEST-SC187-P8,,"sc run 187 5",100,Dut,sendCommand,0,,"PASS sc run 187 5",PERTOS,xVT,"A -> FA",,,,1
1,2445,SOC,TEST-SC188-P8,,"sc run 188 5",100,Dut,sendCommand,0,,"PASS sc run 188 5",PERTOS,xVT,"A -> FA",,,,1
1,2446,SOC,TEST-SC191-P8,,"sc run 191 5",100,Dut,sendCommand,0,,"PASS sc run 191 5",PERTOS,xVT,"A -> FA",,,,1
1,2447,SOC,TEST-SC401-P8,,"sc run 401 5",10,Dut,sendCommand,0,,"PASS sc run 401 5",PERTOS,xVT,"A -> FA",,,,1
1,2448,SOC,TEST-SC403-P8,,"sc run 403 5",10,Dut,sendCommand,0,,"PASS sc run 403 5",PERTOS,xVT,"A -> FA",,,,1
1,2449,SOC,SET-PERF-0x7502255-P7-SC186,,"pmgr mode 0x7502255",5,Dut,sendCommand,0,,"PASS pmgr mode 0x7502255",PERTOS,xVT,AAB,,,,1
1,2450,SOC,TEST-SC186-P7,,"sc run 186 5",100,Dut,sendCommand,0,,"PASS sc run 186 5",PERTOS,xVT,"A -> FA",,,,1
1,2451,SOC,TEST-SC187-P7,,"sc run 187 5",100,Dut,sendCommand,0,,"PASS sc run 187 5",PERTOS,xVT,"A -> FA",,,,1
1,2452,SOC,TEST-SC188-P7,,"sc run 188 5",100,Dut,sendCommand,0,,"PASS sc run 188 5",PERTOS,xVT,"A -> FA",,,,1
1,2453,SOC,TEST-SC191-P7,,"sc run 191 5",100,Dut,sendCommand,0,,"PASS sc run 191 5",PERTOS,xVT,"A -> FA",,,,1
1,2454,SOC,TEST-SC401-P7,,"sc run 401 5",10,Dut,sendCommand,0,,"PASS sc run 401 5",PERTOS,xVT,"A -> FA",,,,1
1,2455,SOC,TEST-SC403-P7,,"sc run 403 5",10,Dut,sendCommand,0,,"PASS sc run 403 5",PERTOS,xVT,"A -> FA",,,,1
1,2456,SOC,SET-PERF-0x6502255-P6-SC186,,"pmgr mode 0x6502255",5,Dut,sendCommand,0,,"PASS pmgr mode 0x6502255",PERTOS,xVT,AAB,,,,1
1,2457,SOC,TEST-SC186-P6,,"sc run 186 5",100,Dut,sendCommand,0,,"PASS sc run 186 5",PERTOS,xVT,"A -> FA",,,,1
1,2458,SOC,TEST-SC187-P6,,"sc run 187 5",100,Dut,sendCommand,0,,"PASS sc run 187 5",PERTOS,xVT,"A -> FA",,,,1
1,2459,SOC,TEST-SC188-P6,,"sc run 188 5",100,Dut,sendCommand,0,,"PASS sc run 188 5",PERTOS,xVT,"A -> FA",,,,1
1,2460,SOC,TEST-SC191-P6,,"sc run 191 5",100,Dut,sendCommand,0,,"PASS sc run 191 5",PERTOS,xVT,"A -> FA",,,,1
1,2461,SOC,TEST-SC401-P6,,"sc run 401 5",10,Dut,sendCommand,0,,"PASS sc run 401 5",PERTOS,xVT,"A -> FA",,,,1
1,2462,SOC,TEST-SC403-P6,,"sc run 403 5",10,Dut,sendCommand,0,,"PASS sc run 403 5",PERTOS,xVT,"A -> FA",,,,1
1,2463,SOC,SET-PERF-0x5502245-P5-SC186,,"pmgr mode 0x5502245",5,Dut,sendCommand,0,,"PASS pmgr mode 0x5502245",PERTOS,xVT,AAB,,,,1
1,2464,SOC,TEST-SC186-P5,,"sc run 186 5",100,Dut,sendCommand,0,,"PASS sc run 186 5",PERTOS,xVT,"A -> FA",,,,1
1,2465,SOC,TEST-SC187-P5,,"sc run 187 5",100,Dut,sendCommand,0,,"PASS sc run 187 5",PERTOS,xVT,"A -> FA",,,,1
1,2466,SOC,TEST-SC188-P5,,"sc run 188 5",100,Dut,sendCommand,0,,"PASS sc run 188 5",PERTOS,xVT,"A -> FA",,,,1
1,2467,SOC,TEST-SC191-P5,,"sc run 191 5",100,Dut,sendCommand,0,,"PASS sc run 191 5",PERTOS,xVT,"A -> FA",,,,1
1,2468,SOC,TEST-SC401-P5,,"sc run 401 5",10,Dut,sendCommand,0,,"PASS sc run 401 5",PERTOS,xVT,"A -> FA",,,,1
1,2469,SOC,TEST-SC403-P5,,"sc run 403 5",10,Dut,sendCommand,0,,"PASS sc run 403 5",PERTOS,xVT,"A -> FA",,,,1
1,2470,SOC,SET-PERF-0x4402245-P4-SC186,,"pmgr mode 0x4402245",5,Dut,sendCommand,0,,"PASS pmgr mode 0x4402245",PERTOS,xVT,AAB,,,,1
1,2471,SOC,TEST-SC186-P4,,"sc run 186 5",100,Dut,sendCommand,0,,"PASS sc run 186 5",PERTOS,xVT,"A -> FA",,,,1
1,2472,SOC,TEST-SC187-P4,,"sc run 187 5",100,Dut,sendCommand,0,,"PASS sc run 187 5",PERTOS,xVT,"A -> FA",,,,1
1,2473,SOC,TEST-SC188-P4,,"sc run 188 5",100,Dut,sendCommand,0,,"PASS sc run 188 5",PERTOS,xVT,"A -> FA",,,,1
1,2474,SOC,TEST-SC191-P4,,"sc run 191 5",100,Dut,sendCommand,0,,"PASS sc run 191 5",PERTOS,xVT,"A -> FA",,,,1
1,2475,SOC,TEST-SC401-P4,,"sc run 401 5",10,Dut,sendCommand,0,,"PASS sc run 401 5",PERTOS,xVT,"A -> FA",,,,1
1,2476,SOC,TEST-SC403-P4,,"sc run 403 5",10,Dut,sendCommand,0,,"PASS sc run 403 5",PERTOS,xVT,"A -> FA",,,,1
1,2477,SOC,SET-PERF-0x3302234-P3-SC186,,"pmgr mode 0x3302234",5,Dut,sendCommand,0,,"PASS pmgr mode 0x3302234",PERTOS,xVT,AAB,,,,1
1,2478,SOC,TEST-SC186-P3,,"sc run 186 5",100,Dut,sendCommand,0,,"PASS sc run 186 5",PERTOS,xVT,"A -> FA",,,,1
1,2479,SOC,TEST-SC187-P3,,"sc run 187 5",100,Dut,sendCommand,0,,"PASS sc run 187 5",PERTOS,xVT,"A -> FA",,,,1
1,2480,SOC,TEST-SC188-P3,,"sc run 188 5",100,Dut,sendCommand,0,,"PASS sc run 188 5",PERTOS,xVT,"A -> FA",,,,1
1,2481,SOC,TEST-SC191-P3,,"sc run 191 5",100,Dut,sendCommand,0,,"PASS sc run 191 5",PERTOS,xVT,"A -> FA",,,,1
1,2482,SOC,TEST-SC401-P3,,"sc run 401 5",10,Dut,sendCommand,0,,"PASS sc run 401 5",PERTOS,xVT,"A -> FA",,,,1
1,2483,SOC,TEST-SC403-P3,,"sc run 403 5",10,Dut,sendCommand,0,,"PASS sc run 403 5",PERTOS,xVT,"A -> FA",,,,1
1,2484,SOC,SET-PERF-0x2202234-P2-SC186,,"pmgr mode 0x2202234",5,Dut,sendCommand,0,,"PASS pmgr mode 0x2202234",PERTOS,xVT,AAB,,,,1
1,2485,SOC,TEST-SC186-P2,,"sc run 186 5",100,Dut,sendCommand,0,,"PASS sc run 186 5",PERTOS,xVT,"A -> FA",,,,1
1,2486,SOC,TEST-SC187-P2,,"sc run 187 5",100,Dut,sendCommand,0,,"PASS sc run 187 5",PERTOS,xVT,"A -> FA",,,,1
1,2487,SOC,TEST-SC188-P2,,"sc run 188 5",100,Dut,sendCommand,0,,"PASS sc run 188 5",PERTOS,xVT,"A -> FA",,,,1
1,2488,SOC,TEST-SC191-P2,,"sc run 191 5",100,Dut,sendCommand,0,,"PASS sc run 191 5",PERTOS,xVT,"A -> FA",,,,1
1,2489,SOC,TEST-SC401-P2,,"sc run 401 5",10,Dut,sendCommand,0,,"PASS sc run 401 5",PERTOS,xVT,"A -> FA",,,,1
1,2490,SOC,TEST-SC403-P2,,"sc run 403 5",10,Dut,sendCommand,0,,"PASS sc run 403 5",PERTOS,xVT,"A -> FA",,,,1
1,2491,SOC,SET-PERF-0x1102234-P1-SC186,,"pmgr mode 0x1102234",5,Dut,sendCommand,0,,"PASS pmgr mode 0x1102234",PERTOS,xVT,AAB,,,,1
1,2492,SOC,TEST-SC186-P1,,"sc run 186 5",100,Dut,sendCommand,0,,"PASS sc run 186 5",PERTOS,xVT,"A -> FA",,,,1
1,2493,SOC,TEST-SC187-P1,,"sc run 187 5",100,Dut,sendCommand,0,,"PASS sc run 187 5",PERTOS,xVT,"A -> FA",,,,1
1,2494,SOC,TEST-SC188-P1,,"sc run 188 5",100,Dut,sendCommand,0,,"PASS sc run 188 5",PERTOS,xVT,"A -> FA",,,,1
1,2495,SOC,TEST-SC191-P1,,"sc run 191 5",100,Dut,sendCommand,0,,"PASS sc run 191 5",PERTOS,xVT,"A -> FA",,,,1
1,2496,SOC,TEST-SC401-P1,,"sc run 401 5",10,Dut,sendCommand,0,,"PASS sc run 401 5",PERTOS,xVT,"A -> FA",,,,1
1,2497,SOC,TEST-SC403-P1,,"sc run 403 5",10,Dut,sendCommand,0,,"PASS sc run 403 5",PERTOS,xVT,"A -> FA",,,,1
1,2498,SOC,SET-PERF-0x2502256-P2,,"pmgr mode 0x2502256",5,Dut,sendCommand,0,,"PASS pmgr mode 0x2502256",PERTOS,xVT,AAB,,,,1
1,2499,SOC,SET-MMU-LINEAR,,"mmu ddr-linear",5,Dut,sendCommand,0,,"PASS mmu ddr-linear",PERTOS,xVT,AAB,,,,1
1,2500,SOC,SET-ANE-UP,,"core up ane mar_dram.shr alloc",5,Dut,sendCommand,0,,"PASS core up ane mar_dram.shr alloc",PERTOS,xVT,AAB,,,,1
1,2501,SOC,SET-ANS-UP,,"core up ans mar_dram.shr alloc",5,Dut,sendCommand,0,,"PASS core up ans mar_dram.shr alloc",PERTOS,xVT,AAB,,,,1
1,2502,SOC,SET-SOP-UP,,"core up aop mar_dram.shr alloc",5,Dut,sendCommand,0,,"PASS core up aop mar_dram.shr alloc",PERTOS,xVT,AAB,,,,1
1,2503,SOC,SET-DISPINT-UP,,"core up dispint mar_dram.shr alloc",5,Dut,sendCommand,0,,"PASS core up dispint mar_dram.shr alloc",PERTOS,xVT,AAB,,,,1
1,2504,SOC,SET-DISPEXT-UP,,"core up dispext mar_dram.shr alloc",5,Dut,sendCommand,0,,"PASS core up dispext mar_dram.shr alloc",PERTOS,xVT,AAB,,,,1
1,2505,SOC,SET-PMS-UP,,"core up pms mar_dram.shr alloc",5,Dut,sendCommand,0,,"PASS core up pms mar_dram.shr alloc",PERTOS,xVT,AAB,,,,1
1,2506,SOC,SET-SIO-UP,,"core up sio mar_dram.shr alloc",5,Dut,sendCommand,0,,"PASS core up sio mar_dram.shr alloc",PERTOS,xVT,AAB,,,,1
1,2507,SOC,SET-SMC-UP,,"core up smc mar_dram.shr alloc",5,Dut,sendCommand,0,,"PASS core up smc mar_dram.shr alloc",PERTOS,xVT,AAB,,,,1
1,2508,SOC,SET-SVE-UP,,"core up sve mar_dram.shr alloc",5,Dut,sendCommand,0,,"PASS core up sve mar_dram.shr alloc",PERTOS,xVT,AAB,,,,1
1,2509,SOC,ECHO-DISPLAY-TEST,,"echo >>>> Display Tests <<<<",5,Rush,echo,0,,"PASS echo",PERTOS,xVT,AAB,,,,1
1,2510,SOC,SET-PERF-0x4434254-S5,,"pmgr mode 0x4404254",5,Dut,sendCommand,0,,"PASS pmgr mode 0x4404254",PERTOS,xVT,AAB,,,,1
1,2511,SOC,TEST-SC84-S5,,"sc run 84 5",80,Dut,sendCommand,0,,"PASS sc run 84 5",PERTOS,xVT,"A -> FA",,,,1
1,2512,SOC,TEST-SC104-S5,,"sc run 104 5",120,Dut,sendCommand,0,,"PASS sc run 104 5",PERTOS,xVT,"A -> FA",,,,1
1,2513,SOC,TEST-SC174-S5,,"sc run 174 5",120,Dut,sendCommand,0,,"PASS sc run 174 5",PERTOS,xVT,"A -> FA",,,,1
1,2514,SOC,TEST-SC144-S5,,"sc run 194 5",120,Dut,sendCommand,0,,"PASS sc run 194 5",PERTOS,xVT,"A -> FA",,,,1
1,2515,SOC,SET-PERF-0x4433244-S4,,"pmgr mode 0x4403244",5,Dut,sendCommand,0,,"PASS pmgr mode 0x4403244",PERTOS,xVT,AAB,,,,1
1,2516,SOC,TEST-SC84-S4,,"sc run 84 5",80,Dut,sendCommand,0,,"PASS sc run 84 5",PERTOS,xVT,"A -> FA",,,,1
1,2517,SOC,TEST-SC104-S4,,"sc run 104 5",120,Dut,sendCommand,0,,"PASS sc run 104 5",PERTOS,xVT,"A -> FA",,,,1
1,2518,SOC,TEST-SC144-S4,,"sc run 194 5",120,Dut,sendCommand,0,,"PASS sc run 194 5",PERTOS,xVT,"A -> FA",,,,1
1,2519,SOC,SET-PERF-0x4432234-S3,,"pmgr mode 0x4402234",5,Dut,sendCommand,0,,"PASS pmgr mode 0x4402234",PERTOS,xVT,AAB,,,,1
1,2520,SOC,TEST-SC84-S3,,"sc run 84 5",80,Dut,sendCommand,0,,"PASS sc run 84 5",PERTOS,xVT,"A -> FA",,,,1
1,2521,SOC,TEST-SC144-S3,,"sc run 194 5",120,Dut,sendCommand,0,,"PASS sc run 194 5",PERTOS,xVT,"A -> FA",,,,1
1,2522,SOC,SET-DISPINT-UP-TG,,"core up isp mar_dram.shr alloc",5,Dut,sendCommand,0,,"PASS core up isp mar_dram.shr alloc",PERTOS,xVT,AAB,,,,1
1,2523,SOC,SET-DISPEXT-UP-TG,,"core up isp1 mar_dram.shr alloc",5,Dut,sendCommand,0,,"PASS core up isp1 mar_dram.shr alloc",PERTOS,xVT,AAB,,,,1
1,2524,SOC,SET-EX-TG1I,,"ts exclude tg1i",60,Dut,sendCommand,0,,"PASS ts exclude tg1i",PERTOS,xVT,AAB,,,,1
1,2525,SOC,SET-EX-TG4I,,"ts exclude tg4i",60,Dut,sendCommand,0,,"PASS ts exclude tg4i",PERTOS,xVT,AAB,,,,1
1,2526,SOC,ECHO-GFX-TEST-SECTION,,"echo >>>> GFX Tests <<<<",60,Rush,echo,0,,"PASS echo",PERTOS,xVT,AAB,,,,1
1,2527,SOC,SET-PERF-0xa502756,,"pmgr mode 0xa502756",5,Dut,sendCommand,0,,"PASS pmgr mode 0xa502756",PERTOS,xVT,AAB,,,,1
1,2528,SOC,SET-SWITCHER-RANDOM-MODES-SC46,,"switcher pattern rotary 100 -jitter=40 -clk:s=5_4_3 -on -cpu=pms",60,Dut,sendCommand,0,,"PASS switcher pattern rotary 100 -jitter=40 -clk:s=5_4_3 -on -cpu=pms",PERTOS,xVT,"A -> FA",,,,1
1,2529,SOC,TEST-SC46-GFX-SWITCH,,"sc run 46 5",300,Dut,sendCommand,0,,"PASS sc run 46 5",PERTOS,xVT,"A -> FA",,,,1
1,2530,SOC,SET-SWITCHER-RANDOM-OFF-SC46,,"switcher off -reset",100,Dut,sendCommand,0,,"PASS switcher off -reset",PERTOS,xVT,"A -> FA",,,,1
1,2531,SOC,SET-PERF-0x2502746-S5,,"pmgr mode -s 5",5,Dut,sendCommand,0,,"PASS pmgr mode -s 5",PERTOS,xVT,AAB,,,,1
1,2532,SOC,TEST-SC46-GFX-S5,,"sc run 46 5",100,Dut,sendCommand,0,,"PASS sc run 46 5",PERTOS,xVT,AAB,,,,1
1,2533,SOC,SET-PERF-0x2502746-S4,,"pmgr mode -s 4",5,Dut,sendCommand,0,,"PASS pmgr mode -s 4",PERTOS,xVT,AAB,,,,1
1,2534,SOC,TEST-SC46-GFX-S4,,"sc run 46 5",100,Dut,sendCommand,0,,"PASS sc run 46 5",PERTOS,xVT,AAB,,,,1
1,2535,SOC,SET-PERF-0x2502746-S3,,"pmgr mode -s 3",5,Dut,sendCommand,0,,"PASS pmgr mode -s 3",PERTOS,xVT,AAB,,,,1
1,2536,SOC,TEST-SC46-GFX-S3,,"sc run 46 5",300,Dut,sendCommand,0,,"PASS sc run 46 5",PERTOS,xVT,"A -> FA",,,,1
1,2537,SOC,SET-SWITCHER-RANDOM-MODES-SC30,,"switcher pattern random 100 -jitter=40 -on -cpu=pms -clk:g=2_7",60,Dut,sendCommand,0,,"PASS switcher pattern random 100 -jitter=40 -on -cpu=pms -clk:g=2_7",PERTOS,xVT,"A -> FA",,,,1
1,2538,SOC,TEST-SC30-GFX-SWITCH,,"sc run 30 5",100,Dut,sendCommand,0,,"PASS sc run 30 5",PERTOS,xVT,AAB,,,,1
1,2539,SOC,SET-SWITCHER-RANDOM-OFF-SC30,,"switcher off -reset",100,Dut,sendCommand,0,,"PASS switcher off -reset",PERTOS,xVT,"A -> FA",,,,1
1,2540,SOC,SET-PERF-0x2502746-G7,,"pmgr mode -g 7",5,Dut,sendCommand,0,,"PASS pmgr mode -g 7",PERTOS,xVT,AAB,,,,1
1,2541,SOC,TEST-SC30-GFX-G7,,"sc run 30 5",100,Dut,sendCommand,0,,"PASS sc run 30 5",PERTOS,xVT,AAB,,,,1
1,2542,SOC,SET-PERF-0x2502646-G6,,"pmgr mode -g 6",5,Dut,sendCommand,0,,"PASS pmgr mode -g 6",PERTOS,xVT,AAB,,,,1
1,2543,SOC,TEST-SC30-GFX-G6,,"sc run 30 5",100,Dut,sendCommand,0,,"PASS sc run 30 5",PERTOS,xVT,AAB,,,,1
1,2544,SOC,SET-PERF-0x2502546-G5,,"pmgr mode -g 5",60,Dut,sendCommand,0,,"PASS pmgr mode -g 5",PERTOS,xVT,AAB,,,,1
1,2545,SOC,TEST-SC30-GFX-G5,,"sc run 30 5",100,Dut,sendCommand,0,,"PASS sc run 30 5",PERTOS,xVT,AAB,,,,1
1,2546,SOC,SET-PERF-0x2502446-G4,,"pmgr mode -g 4",5,Dut,sendCommand,0,,"PASS pmgr mode -g 4",PERTOS,xVT,AAB,,,,1
1,2547,SOC,TEST-SC30-GFX-G4,,"sc run 30 5",500,Dut,sendCommand,0,,"PASS sc run 30 5",PERTOS,xVT,AAB,,,,1
1,2548,SOC,SET-PERF-0x2502346-G3,,"pmgr mode -g 3",5,Dut,sendCommand,0,,"PASS pmgr mode -g 3",PERTOS,xVT,AAB,,,,1
1,2549,SOC,TEST-SC30-GFX-G3,,"sc run 30 5",500,Dut,sendCommand,0,,"PASS sc run 30 5",PERTOS,xVT,AAB,,,,1
1,2550,SOC,SET-PERF-0x2502246-G2,,"pmgr mode -g 2",5,Dut,sendCommand,0,,"PASS pmgr mode -g 2",PERTOS,xVT,AAB,,,,1
1,2551,SOC,TEST-SC30-GFX-G2,,"sc run 30 5",500,Dut,sendCommand,0,,"PASS sc run 30 5",PERTOS,xVT,AAB,,,,1
1,2552,SOC,SET-INT-TG1I,,"ts include tg1i",5,Dut,sendCommand,0,,"PASS ts include tg1i",PERTOS,xVT,AAB,,,,1
1,2553,SOC,SET-INT-TG4I,,"ts include tg4i",5,Dut,sendCommand,0,,"PASS ts include tg4i",PERTOS,xVT,AAB,,,,1
1,2554,SOC,SET-GFX-UP,,"core up gfx mar_dram.shr alloc",5,Dut,sendCommand,0,,"PASS core up gfx mar_dram.shr alloc",PERTOS,xVT,AAB,,,,1
1,2555,SOC,TEST-SC8-I5,,"sc run 8 5",40,Dut,sendCommand,0,,"PASS sc run 8 5",PERTOS,xVT,"A -> FA",,,,1
1,2556,SOC,TEST-SC11-I5,,"sc run 11 5",40,Dut,sendCommand,0,,"PASS sc run 11 5",PERTOS,xVT,"A -> FA",,,,1
1,2557,SOC,TEST-SC25-I5,,"sc run 25 5 -coremask 0x2000",100,Dut,sendCommand,0,,"PASS sc run 25 5 -coremask 0x2000",PERTOS,xVT,"A -> FA",,,,1
1,2558,SOC,ECHO-MEM-TEST-SECTIOIN,,"echo >>>> Hammer and uRBM Memory Tests <<<<",60,Rush,echo,0,,"PASS echo",PERTOS,xVT,AAB,,,,1
1,2559,SOC,SET-PERF-0xa502256-PA,,"pmgr mode 0xa502256",5,Dut,sendCommand,0,,"PASS pmgr mode 0xa502256",PERTOS,xVT,AAB,,,,1
1,2560,SOC,SET-SWITCHER-RANDOM-MODES,,"switcher pattern rotary 200 -jitter=150 -alt=50 -clk:s=5_3_4 -on -cpu=cc3",5,Dut,sendCommand,0,,"PASS switcher pattern rotary 200 -jitter=150 -alt=50 -clk:s=5_3_4 -on -cpu=cc3",PERTOS,xVT,"A -> FA",,,,1
1,2561,SOC,TEST-SC431-S5,,"sc run 431 5",40,Dut,sendCommand,0,,"PASS sc run 431 5",PERTOS,xVT,"A -> FA",,,,1
1,2562,SOC,TEST-SC430-S5,,"sc run 430 5",40,Dut,sendCommand,0,,"PASS sc run 430 5",PERTOS,xVT,"A -> FA",,,,1
1,2563,SOC,TEST-SC61-S5,,"sc run 61 5 -coremask 0xa100",40,Dut,sendCommand,0,,"PASS sc run 61 5 -coremask 0xa100",PERTOS,xVT,"A -> FA",,,,1
1,2564,SOC,SET-SWITCHER-RANDOM-OFF,,"switcher off -reset",5,Dut,sendCommand,0,,"PASS switcher off -reset",PERTOS,xVT,"A -> FA",,,,1
1,2565,SOC,SET-PERF-0x9502256-P9-HAMMER,,"pmgr mode 0x9502256",5,Dut,sendCommand,0,,"PASS pmgr mode 0x9502256",PERTOS,xVT,"A -> FA",,,,1
1,2566,SOC,SET-SWITCHER-ALL-RANDOM-MODES,,"switcher pattern ramp-rand 600 -jitter=580 -clk:p=1_2_3_4_5_6_7_8_9_10 -clk:e=1_2_3_4_5 -clk:s=3_4_5 -clk:d=4_5_6 -clk:i=2_3_4 -on -cpu=pms",5,Dut,sendCommand,0,,"PASS switcher pattern ramp-rand 600 -jitter=580 -clk:p=1_2_3_4_5_6_7_8_9_10 -clk:e=1_2_3_4_5 -clk:s=3_4_5 -clk:d=4_5_6 -clk:i=2_3_4 -on -cpu=pms",PERTOS,xVT,AAB,,,,1
1,2567,SOC,TEST-HAMMER-DRAM,,"hammer -fmc 0x1F5EFF -urbm 0xFF -bonfire 0xFF -p -l 16 -t 5 -s 0xd356ab4ddbf811b0",1000,Dut,sendCommand,0,,"PASS hammer -fmc 0x1F5EFF -urbm 0xFF -bonfire 0xFF -p -l 16 -t 5 -s 0xd356ab4ddbf811b0",PERTOS,xVT,AAB,,,,1
1,2568,SOC,TEST-SC61-P9,,"sc run 61 6 -coremask 0xa100",1000,Dut,sendCommand,0,,"PASS sc run 61 6 -coremask 0xa100",PERTOS,xVT,"A -> FA",,,,1
1,2569,SOC,TEST-SC67-P9,,"sc run 67 5",1000,Dut,sendCommand,0,,"PASS sc run 67 5",PERTOS,xVT,"A -> FA",,,,1
1,2570,SOC,TEST-SC461-P9,,"sc run 461 5 -coremask 0xa100",15,Dut,sendCommand,0,,"PASS sc run 461 5 -coremask 0xa100",PERTOS,xVT,"A -> FA",,,,1
1,2571,SOC,TEST-SC462-P9,,"sc run 462 5 -coremask 0xa100",15,Dut,sendCommand,0,,"PASS sc run 462 5 -coremask 0xa100",PERTOS,xVT,"A -> FA",,,,1
1,2572,SOC,TEST-SC463-P9,,"sc run 463 5",10,Dut,sendCommand,0,,"PASS sc run 463 5",PERTOS,xVT,"A -> FA",,,,1
1,2573,SOC,SWITCHER-RESET-OFF-P9,,"switcher off -reset",100,Dut,sendCommand,0,,"PASS switcher off -reset",PERTOS,xVT,AAB,,,,1
1,2574,SOC,TEST-HAMMER-DRAM-P9,,"hammer -fmc 0x1ECEFF -urbm 0xFF -bonfire 0xFF -p -l 15 -t 3 -s 0xe7499494458fa430",1000,Dut,sendCommand,0,,"PASS hammer -fmc 0x1ECEFF -urbm 0xFF -bonfire 0xFF -p -l 15 -t 3 -s 0xe7499494458fa430",PERTOS,xVT,AAB,,,,1
1,2575,SOC,TEST-SC61-uRBM-DRAM-P9,,"sc run 61 4 -coremask 0x2100",1000,Dut,sendCommand,0,,"PASS sc run 61 4 -coremask 0x2100",PERTOS,xVT,"A -> FA",,,,1
1,2576,SOC,ECHO-uRBM-EACC-LVCC-TEST,,"echo >>>> uRBM EACC LVCC Tests <<<<",5,Rush,echo,0,,"PASS echo",PERTOS,xVT,AAB,,,,1
1,2577,SOC,SET-PERF-0x2502255-E5,,"pmgr mode 0x2502255",5,Dut,sendCommand,0,,"PASS pmgr mode 0x2502255",PERTOS,xVT,AAB,,,,1
1,2578,SOC,TEST-SC35-E5,,"sc run 35 5",180,Dut,sendCommand,0,,"PASS sc run 35 5",PERTOS,xVT,"A -> FA",,,,1
1,2579,SOC,SET-PERF-0x2402245-E4,,"pmgr mode 0x2402245",5,Dut,sendCommand,0,,"PASS pmgr mode 0x2402245",PERTOS,xVT,AAB,,,,1
1,2580,SOC,TEST-SC35-E4,,"sc run 35 5",180,Dut,sendCommand,0,,"PASS sc run 35 5",PERTOS,xVT,"A -> FA",,,,1
1,2581,SOC,SET-PERF-0x2302234-E3,,"pmgr mode 0x2302234",5,Dut,sendCommand,0,,"PASS pmgr mode 0x2302234",PERTOS,xVT,AAB,,,,1
1,2582,SOC,TEST-SC35-E3,,"sc run 35 5",180,Dut,sendCommand,0,,"PASS sc run 35 5",PERTOS,xVT,"A -> FA",,,,1
1,2583,SOC,SET-PERF-0x2202234-E2,,"pmgr mode 0x2202234",5,Dut,sendCommand,0,,"PASS pmgr mode 0x2202234",PERTOS,xVT,AAB,,,,1
1,2584,SOC,TEST-SC35-E2,,"sc run 35 5",180,Dut,sendCommand,0,,"PASS sc run 35 5",PERTOS,xVT,"A -> FA",,,,1
1,2585,SOC,SET-PERF-0x2102234-E1,,"pmgr mode 0x2102234",5,Dut,sendCommand,0,,"PASS pmgr mode 0x2102234",PERTOS,xVT,AAB,,,,1
1,2586,SOC,TEST-SC35-E1,,"sc run 35 5",180,Dut,sendCommand,0,,"PASS sc run 35 5",PERTOS,xVT,"A -> FA",,,,1
1,2587,SOC,ECHO-uRBM-PACC-LVCC-TEST,,"echo >>>> uRBM PACC LVCC Tests <<<<",5,Rush,echo,0,,"PASS echo",PERTOS,xVT,AAB,,,,1
1,2588,SOC,SET-THERMPID-INIT,,"therm pid cc1 pcore init -skip=0_2_3_4_5_6_7_8_9_10_11_12_13_14",5,Dut,sendCommand,0,,"PASS therm pid cc1 pcore init -skip=0_2_3_4_5_6_7_8_9_10_11_12_13_14",PERTOS,xVT,"A -> FA",,,,1
1,2589,SOC,SET-THERMPID-INIT2,,"therm pid cc1 pcore weights MAX 0 0 0 1 1 1 1 1 1 1 0 0 0 0 0 0 0 0 0",5,Dut,sendCommand,0,,"PASS therm pid cc1 pcore weights MAX 0 0 0 1 1 1 1 1 1 1 0 0 0 0 0 0 0 0 0",PERTOS,xVT,"A -> FA",,,,1
1,2590,SOC,SET-THERMPID-SET-75,,"therm pid sp 75",5,Dut,sendCommand,0,,"PASS therm pid sp 75",PERTOS,xVT,AAB,,,,1
1,2591,SOC,SET-THERMPID-ON,,"therm pid cc1 pcore enable",5,Dut,sendCommand,0,,"PASS therm pid cc1 pcore enable",PERTOS,xVT,"A -> FA",,,,1
1,2592,SOC,SET-PERF-0xf202234-Pf,,"pmgr mode 0xf202254",5,Dut,sendCommand,0,,"PASS pmgr mode 0xf202254",PERTOS,xVT,AAB,,,,1
1,2593,SOC,TEST-SC38-Pf-0x70,,"sc run 38 5 -coredown 0x70",100,Dut,sendCommand,0,,"PASS sc run 38 5 -coredown 0x70",PERTOS,xVT,"A -> FA",,,,1
1,2594,SOC,TEST-SC404-Pf-0x70,,"sc run 404 5 -coredown 0x70",100,Dut,sendCommand,0,,"PASS sc run 404 5 -coredown 0x70",PERTOS,xVT,"A -> FA",,,,1
1,2595,SOC,TEST-SC406-Pf-0x70,,"sc run 406 5 -coredown 0x70",100,Dut,sendCommand,0,,"PASS sc run 406 5 -coredown 0x70",PERTOS,xVT,"A -> FA",,,,1
1,2596,SOC,TEST-S407-Pf-0x70,,"sc run 407 5 -coredown 0x70",100,Dut,sendCommand,0,,"PASS sc run 407 5 -coredown 0x70",PERTOS,xVT,"A -> FA",,,,1
1,2597,SOC,TEST-SC429-Pf-0x70,,"sc run 429 5 -coredown 0x70",100,Dut,sendCommand,0,,"PASS sc run 429 5 -coredown 0x70",PERTOS,xVT,"A -> FA",,,,1
1,2598,SOC,TEST-SC38-Pf-0xe0,,"sc run 38 5 -coredown 0xe0",100,Dut,sendCommand,0,,"PASS sc run 38 5 -coredown 0xe0",PERTOS,xVT,"A -> FA",,,,1
1,2599,SOC,TEST-SC404-Pf-0xe0,,"sc run 404 5 -coredown 0xe0",100,Dut,sendCommand,0,,"PASS sc run 404 5 -coredown 0xe0",PERTOS,xVT,"A -> FA",,,,1
1,2600,SOC,TEST-SC406-Pf-0xe0,,"sc run 406 5 -coredown 0xe0",100,Dut,sendCommand,0,,"PASS sc run 406 5 -coredown 0xe0",PERTOS,xVT,"A -> FA",,,,1
1,2601,SOC,TEST-S407-Pf-0xe0,,"sc run 407 5 -coredown 0xe0",100,Dut,sendCommand,0,,"PASS sc run 407 5 -coredown 0xe0",PERTOS,xVT,"A -> FA",,,,1
1,2602,SOC,TEST-SC429-Pf-0xe0,,"sc run 429 5 -coredown 0xe0",100,Dut,sendCommand,0,,"PASS sc run 429 5 -coredown 0xe0",PERTOS,xVT,"A -> FA",,,,1
1,2603,SOC,TEST-SC38-Pf-0xb0,,"sc run 38 5 -coredown 0xb0",100,Dut,sendCommand,0,,"PASS sc run 38 5 -coredown 0xb0",PERTOS,xVT,"A -> FA",,,,1
1,2604,SOC,TEST-SC404-Pf-0xb0,,"sc run 404 5 -coredown 0xb0",100,Dut,sendCommand,0,,"PASS sc run 404 5 -coredown 0xb0",PERTOS,xVT,"A -> FA",,,,1
1,2605,SOC,TEST-SC406-Pf-0xb0,,"sc run 406 5 -coredown 0xb0",100,Dut,sendCommand,0,,"PASS sc run 406 5 -coredown 0xb0",PERTOS,xVT,"A -> FA",,,,1
1,2606,SOC,TEST-S407-Pf-0xb0,,"sc run 407 5 -coredown 0xb0",100,Dut,sendCommand,0,,"PASS sc run 407 5 -coredown 0xb0",PERTOS,xVT,"A -> FA",,,,1
1,2607,SOC,TEST-SC429-Pf-0xb0,,"sc run 429 5 -coredown 0xb0",100,Dut,sendCommand,0,,"PASS sc run 429 5 -coredown 0xb0",PERTOS,xVT,"A -> FA",,,,1
1,2608,SOC,TEST-SC38-Pf-0xd0,,"sc run 38 5 -coredown 0xd0",100,Dut,sendCommand,0,,"PASS sc run 38 5 -coredown 0xd0",PERTOS,xVT,"A -> FA",,,,1
1,2609,SOC,TEST-SC404-Pf-0xd0,,"sc run 404 5 -coredown 0xd0",100,Dut,sendCommand,0,,"PASS sc run 404 5 -coredown 0xd0",PERTOS,xVT,"A -> FA",,,,1
1,2610,SOC,TEST-SC406-Pf-0xd0,,"sc run 406 5 -coredown 0xd0",100,Dut,sendCommand,0,,"PASS sc run 406 5 -coredown 0xd0",PERTOS,xVT,"A -> FA",,,,1
1,2611,SOC,TEST-S407-Pf-0xd0,,"sc run 407 5 -coredown 0xd0",100,Dut,sendCommand,0,,"PASS sc run 407 5 -coredown 0xd0",PERTOS,xVT,"A -> FA",,,,1
1,2612,SOC,TEST-SC429-Pf-0xd0,,"sc run 429 5 -coredown 0xd0",100,Dut,sendCommand,0,,"PASS sc run 429 5 -coredown 0xd0",PERTOS,xVT,"A -> FA",,,,1
1,2613,SOC,SET-THERMPID-END,,"therm pid cc1 pcore disable",5,Dut,sendCommand,0,,"PASS therm pid cc1 pcore disable",PERTOS,xVT,AAB,,,,1
1,2614,SOC,SET-PERF-0xe202254-Pe,,"pmgr mode 0xe202254",5,Dut,sendCommand,0,,"PASS pmgr mode 0xe202254",PERTOS,xVT,AAB,,,,1
1,2615,SOC,SET-TOOHOT-105-3,,"therm toohot 105 10 105 10 7 1",5,Dut,sendCommand,0,,"PASS therm toohot 105 10 105 10 7 1",PERTOS,xVT,AAB,,,,1
1,2616,SOC,TEST-SC38-Pe-0x70,,"sc run 38 5 -coredown 0x70",100,Dut,sendCommand,0,,"PASS sc run 38 5 -coredown 0x70",PERTOS,xVT,"A -> FA",,,,1
1,2617,SOC,TEST-SC404-Pe-0x70,,"sc run 404 5 -coredown 0x70",100,Dut,sendCommand,0,,"PASS sc run 404 5 -coredown 0x70",PERTOS,xVT,"A -> FA",,,,1
1,2618,SOC,TEST-SC406-Pe-0x70,,"sc run 406 5 -coredown 0x70",100,Dut,sendCommand,0,,"PASS sc run 406 5 -coredown 0x70",PERTOS,xVT,"A -> FA",,,,1
1,2619,SOC,TEST-S407-Pe-0x70,,"sc run 407 5 -coredown 0x70",100,Dut,sendCommand,0,,"PASS sc run 407 5 -coredown 0x70",PERTOS,xVT,"A -> FA",,,,1
1,2620,SOC,TEST-SC429-Pe-0x70,,"sc run 429 5 -coredown 0x70",100,Dut,sendCommand,0,,"PASS sc run 429 5 -coredown 0x70",PERTOS,xVT,"A -> FA",,,,1
1,2621,SOC,TEST-SC38-Pe-0xe0,,"sc run 38 5 -coredown 0xe0",100,Dut,sendCommand,0,,"PASS sc run 38 5 -coredown 0xe0",PERTOS,xVT,"A -> FA",,,,1
1,2622,SOC,TEST-SC404-Pe-0xe0,,"sc run 404 5 -coredown 0xe0",100,Dut,sendCommand,0,,"PASS sc run 404 5 -coredown 0xe0",PERTOS,xVT,"A -> FA",,,,1
1,2623,SOC,TEST-SC406-Pe-0xe0,,"sc run 406 5 -coredown 0xe0",100,Dut,sendCommand,0,,"PASS sc run 406 5 -coredown 0xe0",PERTOS,xVT,"A -> FA",,,,1
1,2624,SOC,TEST-S407-Pe-0xe0,,"sc run 407 5 -coredown 0xe0",100,Dut,sendCommand,0,,"PASS sc run 407 5 -coredown 0xe0",PERTOS,xVT,"A -> FA",,,,1
1,2625,SOC,TEST-SC429-Pe-0xe0,,"sc run 429 5 -coredown 0xe0",100,Dut,sendCommand,0,,"PASS sc run 429 5 -coredown 0xe0",PERTOS,xVT,"A -> FA",,,,1
1,2626,SOC,TEST-SC38-Pe-0xb0,,"sc run 38 5 -coredown 0xb0",100,Dut,sendCommand,0,,"PASS sc run 38 5 -coredown 0xb0",PERTOS,xVT,"A -> FA",,,,1
1,2627,SOC,TEST-SC404-Pe-0xb0,,"sc run 404 5 -coredown 0xb0",100,Dut,sendCommand,0,,"PASS sc run 404 5 -coredown 0xb0",PERTOS,xVT,"A -> FA",,,,1
1,2628,SOC,TEST-SC406-Pe-0xb0,,"sc run 406 5 -coredown 0xb0",100,Dut,sendCommand,0,,"PASS sc run 406 5 -coredown 0xb0",PERTOS,xVT,"A -> FA",,,,1
1,2629,SOC,TEST-S407-Pe-0xb0,,"sc run 407 5 -coredown 0xb0",100,Dut,sendCommand,0,,"PASS sc run 407 5 -coredown 0xb0",PERTOS,xVT,"A -> FA",,,,1
1,2630,SOC,TEST-SC429-Pe-0xb0,,"sc run 429 5 -coredown 0xb0",100,Dut,sendCommand,0,,"PASS sc run 429 5 -coredown 0xb0",PERTOS,xVT,"A -> FA",,,,1
1,2631,SOC,TEST-SC38-Pe-0xd0,,"sc run 38 5 -coredown 0xd0",100,Dut,sendCommand,0,,"PASS sc run 38 5 -coredown 0xd0",PERTOS,xVT,"A -> FA",,,,1
1,2632,SOC,TEST-SC404-Pe-0xd0,,"sc run 404 5 -coredown 0xd0",100,Dut,sendCommand,0,,"PASS sc run 404 5 -coredown 0xd0",PERTOS,xVT,"A -> FA",,,,1
1,2633,SOC,TEST-SC406-Pe-0xd0,,"sc run 406 5 -coredown 0xd0",100,Dut,sendCommand,0,,"PASS sc run 406 5 -coredown 0xd0",PERTOS,xVT,"A -> FA",,,,1
1,2634,SOC,TEST-S407-Pe-0xd0,,"sc run 407 5 -coredown 0xd0",100,Dut,sendCommand,0,,"PASS sc run 407 5 -coredown 0xd0",PERTOS,xVT,"A -> FA",,,,1
1,2635,SOC,TEST-SC429-Pe-0xd0,,"sc run 429 5 -coredown 0xd0",100,Dut,sendCommand,0,,"PASS sc run 429 5 -coredown 0xd0",PERTOS,xVT,"A -> FA",,,,1
1,2636,SOC,SET-PERF-0xd502256-Pd,,"pmgr mode 0xd502256",15,Dut,sendCommand,0,,"PASS pmgr mode 0xd502256",PERTOS,xVT,AAB,,,,1
1,2637,SOC,TEST-SC34-Pd-0x30,,"sc run 34 5 -coredown 0x30",10,Dut,sendCommand,0,,"PASS sc run 34 5 -coredown 0x30",PERTOS,xVT,"A -> FA",,,,1
1,2638,SOC,TEST-SC38-Pd-0x30,,"sc run 38 5 -coredown 0x30",100,Dut,sendCommand,0,,"PASS sc run 38 5 -coredown 0x30",PERTOS,xVT,"A -> FA",,,,1
1,2639,SOC,TEST-SC39-Pd-0x30,,"sc run 39 5 -coredown 0x30",10,Dut,sendCommand,0,,"PASS sc run 39 5 -coredown 0x30",PERTOS,xVT,"A -> FA",,,,1
1,2640,SOC,TEST-SC41-Pd-0x30,,"sc run 41 5 -coredown 0x30",10,Dut,sendCommand,0,,"PASS sc run 41 5 -coredown 0x30",PERTOS,xVT,"A -> FA",,,,1
1,2641,SOC,TEST-SC400-Pd-0x30,,"sc run 400 5 -coredown 0x30",10,Dut,sendCommand,0,,"PASS sc run 400 5 -coredown 0x30",PERTOS,xVT,"A -> FA",,,,1
1,2642,SOC,TEST-SC402-Pd-0x30,,"sc run 402 5 -coredown 0x30",10,Dut,sendCommand,0,,"PASS sc run 402 5 -coredown 0x30",PERTOS,xVT,"A -> FA",,,,1
1,2643,SOC,TEST-SC34-Pd-0xC0,,"sc run 34 5 -coredown 0xC0",10,Dut,sendCommand,0,,"PASS sc run 34 5 -coredown 0xC0",PERTOS,xVT,"A -> FA",,,,1
1,2644,SOC,TEST-SC38-Pd-0xC0,,"sc run 38 5 -coredown 0xC0",100,Dut,sendCommand,0,,"PASS sc run 38 5 -coredown 0xC0",PERTOS,xVT,"A -> FA",,,,1
1,2645,SOC,TEST-SC41-Pd-0xC0,,"sc run 41 5 -coredown 0xC0",10,Dut,sendCommand,0,,"PASS sc run 41 5 -coredown 0xC0",PERTOS,xVT,"A -> FA",,,,1
1,2646,SOC,TEST-SC400-Pd-0xC0,,"sc run 400 5 -coredown 0xC0",10,Dut,sendCommand,0,,"PASS sc run 400 5 -coredown 0xC0",PERTOS,xVT,"A -> FA",,,,1
1,2647,SOC,TEST-SC402-Pd-0xC0,,"sc run 402 5 -coredown 0xC0",10,Dut,sendCommand,0,,"PASS sc run 402 5 -coredown 0xC0",PERTOS,xVT,"A -> FA",,,,1
1,2648,SOC,TEST-SC34-Pd-0x90,,"sc run 34 5 -coredown 0x90",10,Dut,sendCommand,0,,"PASS sc run 34 5 -coredown 0x90",PERTOS,xVT,"A -> FA",,,,1
1,2649,SOC,TEST-SC38-Pd-0x90,,"sc run 38 5 -coredown 0x90",100,Dut,sendCommand,0,,"PASS sc run 38 5 -coredown 0x90",PERTOS,xVT,"A -> FA",,,,1
1,2650,SOC,TEST-SC41-Pd-0x90,,"sc run 41 5 -coredown 0x90",10,Dut,sendCommand,0,,"PASS sc run 41 5 -coredown 0x90",PERTOS,xVT,"A -> FA",,,,1
1,2651,SOC,TEST-SC400-Pd-0x90,,"sc run 400 5 -coredown 0x90",10,Dut,sendCommand,0,,"PASS sc run 400 5 -coredown 0x90",PERTOS,xVT,"A -> FA",,,,1
1,2652,SOC,TEST-SC402-Pd-0x90,,"sc run 402 5 -coredown 0x90",10,Dut,sendCommand,0,,"PASS sc run 402 5 -coredown 0x90",PERTOS,xVT,"A -> FA",,,,1
1,2653,SOC,TEST-SC34-Pd-0x60,,"sc run 34 5 -coredown 0x60",10,Dut,sendCommand,0,,"PASS sc run 34 5 -coredown 0x60",PERTOS,xVT,"A -> FA",,,,1
1,2654,SOC,TEST-SC38-Pd-0x60,,"sc run 38 5 -coredown 0x60",100,Dut,sendCommand,0,,"PASS sc run 38 5 -coredown 0x60",PERTOS,xVT,"A -> FA",,,,1
1,2655,SOC,TEST-SC41-Pd-0x60,,"sc run 41 5 -coredown 0x60",10,Dut,sendCommand,0,,"PASS sc run 41 5 -coredown 0x60",PERTOS,xVT,"A -> FA",,,,1
1,2656,SOC,TEST-SC400-Pd-0x60,,"sc run 400 5 -coredown 0x60",10,Dut,sendCommand,0,,"PASS sc run 400 5 -coredown 0x60",PERTOS,xVT,"A -> FA",,,,1
1,2657,SOC,TEST-SC402-Pd-0x60,,"sc run 402 5 -coredown 0x60",10,Dut,sendCommand,0,,"PASS sc run 402 5 -coredown 0x60",PERTOS,xVT,"A -> FA",,,,1
1,2658,SOC,SET-PERF-0xc502256-Pc,,"pmgr mode 0xc502256",15,Dut,sendCommand,0,,"PASS pmgr mode 0xc502256",PERTOS,xVT,AAB,,,,1
1,2659,SOC,TEST-SC34-Pc,,"sc run 34 5",10,Dut,sendCommand,0,,"PASS sc run 34 5",PERTOS,xVT,"A -> FA",,,,1
1,2660,SOC,TEST-SC38-Pc,,"sc run 38 5",100,Dut,sendCommand,0,,"PASS sc run 38 5",PERTOS,xVT,"A -> FA",,,,1
1,2661,SOC,TEST-SC41-Pc,,"sc run 41 5",10,Dut,sendCommand,0,,"PASS sc run 41 5",PERTOS,xVT,"A -> FA",,,,1
1,2662,SOC,TEST-SC400-Pc,,"sc run 400 5",10,Dut,sendCommand,0,,"PASS sc run 400 5",PERTOS,xVT,"A -> FA",,,,1
1,2663,SOC,TEST-SC402-Pc,,"sc run 402 5",10,Dut,sendCommand,0,,"PASS sc run 402 5",PERTOS,xVT,"A -> FA",,,,1
1,2664,SOC,TEST-SC409-Pc-0x70,,"sc run 409 5 -coredown 0x70",100,Dut,sendCommand,0,,"PASS sc run 409 5 -coredown 0x70",PERTOS,xVT,"A -> FA",,,,1
1,2665,SOC,TEST-SC409-Pc-0xE0,,"sc run 409 5 -coredown 0xE0",100,Dut,sendCommand,0,,"PASS sc run 409 5 -coredown 0xE0",PERTOS,xVT,"A -> FA",,,,1
1,2666,SOC,TEST-SC409-Pc-0xB0,,"sc run 409 5 -coredown 0xB0",100,Dut,sendCommand,0,,"PASS sc run 409 5 -coredown 0xB0",PERTOS,xVT,"A -> FA",,,,1
1,2667,SOC,TEST-SC409-Pc-0xD0,,"sc run 409 5 -coredown 0xD0",100,Dut,sendCommand,0,,"PASS sc run 409 5 -coredown 0xD0",PERTOS,xVT,"A -> FA",,,,1
1,2668,SOC,SET-PERF-0xb502246-Pb,,"pmgr mode 0xb502256",5,Dut,sendCommand,0,,"PASS pmgr mode 0xb502256",PERTOS,xVT,AAB,,,,1
1,2669,SOC,TEST-SC34-Pb,,"sc run 34 5",10,Dut,sendCommand,0,,"PASS sc run 34 5",PERTOS,xVT,"A -> FA",,,,1
1,2670,SOC,TEST-SC38-Pb,,"sc run 38 5",100,Dut,sendCommand,0,,"PASS sc run 38 5",PERTOS,xVT,"A -> FA",,,,1
1,2671,SOC,TEST-SC41-Pb,,"sc run 41 5",10,Dut,sendCommand,0,,"PASS sc run 41 5",PERTOS,xVT,"A -> FA",,,,1
1,2672,SOC,TEST-SC400-Pb,,"sc run 400 5",10,Dut,sendCommand,0,,"PASS sc run 400 5",PERTOS,xVT,"A -> FA",,,,1
1,2673,SOC,TEST-SC402-Pb,,"sc run 402 5",10,Dut,sendCommand,0,,"PASS sc run 402 5",PERTOS,xVT,"A -> FA",,,,1
1,2674,SOC,TEST-SC39-Pb-0x10,,"sc run 39 5 -coredown 0x10",100,Dut,sendCommand,0,,"PASS sc run 39 5 -coredown 0x10",PERTOS,xVT,"A -> FA",,,,1
1,2675,SOC,TEST-SC39-Pb-0x20,,"sc run 39 5 -coredown 0x20",100,Dut,sendCommand,0,,"PASS sc run 39 5 -coredown 0x20",PERTOS,xVT,"A -> FA",,,,1
1,2676,SOC,TEST-SC39-Pb-0x40,,"sc run 39 5 -coredown 0x40",100,Dut,sendCommand,0,,"PASS sc run 39 5 -coredown 0x40",PERTOS,xVT,"A -> FA",,,,1
1,2677,SOC,TEST-SC39-Pb-0x80,,"sc run 39 5 -coredown 0x80",100,Dut,sendCommand,0,,"PASS sc run 39 5 -coredown 0x80",PERTOS,xVT,"A -> FA",,,,1
1,2678,SOC,SET-PERF-0xa502246-Pa,,"pmgr mode 0xa502256",5,Dut,sendCommand,0,,"PASS pmgr mode 0xa502256",PERTOS,xVT,AAB,,,,1
1,2679,SOC,TEST-SC34-Pa,,"sc run 34 5",10,Dut,sendCommand,0,,"PASS sc run 34 5",PERTOS,xVT,"A -> FA",,,,1
1,2680,SOC,TEST-SC38-Pa,,"sc run 38 5",100,Dut,sendCommand,0,,"PASS sc run 38 5",PERTOS,xVT,"A -> FA",,,,1
1,2681,SOC,TEST-SC39-Pa,,"sc run 39 5",10,Dut,sendCommand,0,,"PASS sc run 39 5",PERTOS,xVT,"A -> FA",,,,1
1,2682,SOC,TEST-SC41-Pa,,"sc run 41 5",10,Dut,sendCommand,0,,"PASS sc run 41 5",PERTOS,xVT,"A -> FA",,,,1
1,2683,SOC,TEST-SC400-Pa,,"sc run 400 5",10,Dut,sendCommand,0,,"PASS sc run 400 5",PERTOS,xVT,"A -> FA",,,,1
1,2684,SOC,TEST-SC402-Pa,,"sc run 402 5",10,Dut,sendCommand,0,,"PASS sc run 402 5",PERTOS,xVT,"A -> FA",,,,1
1,2685,SOC,SET-PERF-0x9502256-P9,,"pmgr mode 0x9502256",5,Dut,sendCommand,0,,"PASS pmgr mode 0x9502256",PERTOS,xVT,AAB,,,,1
1,2686,SOC,TEST-SC34-P9,,"sc run 34 5",10,Dut,sendCommand,0,,"PASS sc run 34 5",PERTOS,xVT,"A -> FA",,,,1
1,2687,SOC,TEST-SC38-P9,,"sc run 38 5",100,Dut,sendCommand,0,,"PASS sc run 38 5",PERTOS,xVT,"A -> FA",,,,1
1,2688,SOC,TEST-SC39-P9,,"sc run 39 5",10,Dut,sendCommand,0,,"PASS sc run 39 5",PERTOS,xVT,"A -> FA",,,,1
1,2689,SOC,TEST-SC41-P9,,"sc run 41 5",10,Dut,sendCommand,0,,"PASS sc run 41 5",PERTOS,xVT,"A -> FA",,,,1
1,2690,SOC,TEST-SC400-P9,,"sc run 400 5",10,Dut,sendCommand,0,,"PASS sc run 400 5",PERTOS,xVT,"A -> FA",,,,1
1,2691,SOC,TEST-SC402-P9,,"sc run 402 5",10,Dut,sendCommand,0,,"PASS sc run 402 5",PERTOS,xVT,"A -> FA",,,,1
1,2692,SOC,SET-PERF-0x8502256-P8,,"pmgr mode 0x8502256",5,Dut,sendCommand,0,,"PASS pmgr mode 0x8502256",PERTOS,xVT,AAB,,,,1
1,2693,SOC,TEST-SC34-P8,,"sc run 34 5",10,Dut,sendCommand,0,,"PASS sc run 34 5",PERTOS,xVT,"A -> FA",,,,1
1,2694,SOC,TEST-SC38-P8,,"sc run 38 5",100,Dut,sendCommand,0,,"PASS sc run 38 5",PERTOS,xVT,"A -> FA",,,,1
1,2695,SOC,TEST-SC39-P8,,"sc run 39 5",10,Dut,sendCommand,0,,"PASS sc run 39 5",PERTOS,xVT,"A -> FA",,,,1
1,2696,SOC,TEST-SC41-P8,,"sc run 41 5",10,Dut,sendCommand,0,,"PASS sc run 41 5",PERTOS,xVT,"A -> FA",,,,1
1,2697,SOC,TEST-SC400-P8,,"sc run 400 5",10,Dut,sendCommand,0,,"PASS sc run 400 5",PERTOS,xVT,"A -> FA",,,,1
1,2698,SOC,TEST-SC402-P8,,"sc run 402 5",10,Dut,sendCommand,0,,"PASS sc run 402 5",PERTOS,xVT,"A -> FA",,,,1
1,2699,SOC,SET-PERF-0x7502256-P7,,"pmgr mode 0x7502256",5,Dut,sendCommand,0,,"PASS pmgr mode 0x7502256",PERTOS,xVT,AAB,,,,1
1,2700,SOC,TEST-SC34-P7,,"sc run 34 5",10,Dut,sendCommand,0,,"PASS sc run 34 5",PERTOS,xVT,"A -> FA",,,,1
1,2701,SOC,TEST-SC38-P7,,"sc run 38 5",100,Dut,sendCommand,0,,"PASS sc run 38 5",PERTOS,xVT,"A -> FA",,,,1
1,2702,SOC,TEST-SC39-P7,,"sc run 39 5",10,Dut,sendCommand,0,,"PASS sc run 39 5",PERTOS,xVT,"A -> FA",,,,1
1,2703,SOC,TEST-SC41-P7,,"sc run 41 5",10,Dut,sendCommand,0,,"PASS sc run 41 5",PERTOS,xVT,"A -> FA",,,,1
1,2704,SOC,TEST-SC400-P7,,"sc run 400 5",10,Dut,sendCommand,0,,"PASS sc run 400 5",PERTOS,xVT,"A -> FA",,,,1
1,2705,SOC,TEST-SC402-P7,,"sc run 402 5",10,Dut,sendCommand,0,,"PASS sc run 402 5",PERTOS,xVT,"A -> FA",,,,1
1,2706,SOC,SET-PERF-0x6502256-P6,,"pmgr mode 0x6502256",5,Dut,sendCommand,0,,"PASS pmgr mode 0x6502256",PERTOS,xVT,AAB,,,,1
1,2707,SOC,TEST-SC34-P6,,"sc run 34 5",10,Dut,sendCommand,0,,"PASS sc run 34 5",PERTOS,xVT,"A -> FA",,,,1
1,2708,SOC,TEST-SC38-P6,,"sc run 38 5",100,Dut,sendCommand,0,,"PASS sc run 38 5",PERTOS,xVT,"A -> FA",,,,1
1,2709,SOC,TEST-SC39-P6,,"sc run 39 5",10,Dut,sendCommand,0,,"PASS sc run 39 5",PERTOS,xVT,"A -> FA",,,,1
1,2710,SOC,TEST-SC41-P6,,"sc run 41 5",10,Dut,sendCommand,0,,"PASS sc run 41 5",PERTOS,xVT,"A -> FA",,,,1
1,2711,SOC,TEST-SC400-P6,,"sc run 400 5",10,Dut,sendCommand,0,,"PASS sc run 400 5",PERTOS,xVT,"A -> FA",,,,1
1,2712,SOC,TEST-SC402-P6,,"sc run 402 5",10,Dut,sendCommand,0,,"PASS sc run 402 5",PERTOS,xVT,"A -> FA",,,,1
1,2713,SOC,SET-PERF-0x5502246-P5,,"pmgr mode 0x5502246",5,Dut,sendCommand,0,,"PASS pmgr mode 0x5502246",PERTOS,xVT,AAB,,,,1
1,2714,SOC,TEST-SC34-P5,,"sc run 34 5",10,Dut,sendCommand,0,,"PASS sc run 34 5",PERTOS,xVT,"A -> FA",,,,1
1,2715,SOC,TEST-SC38-P5,,"sc run 38 5",100,Dut,sendCommand,0,,"PASS sc run 38 5",PERTOS,xVT,"A -> FA",,,,1
1,2716,SOC,TEST-SC39-P5,,"sc run 39 5",10,Dut,sendCommand,0,,"PASS sc run 39 5",PERTOS,xVT,"A -> FA",,,,1
1,2717,SOC,TEST-SC41-P5,,"sc run 41 5",10,Dut,sendCommand,0,,"PASS sc run 41 5",PERTOS,xVT,"A -> FA",,,,1
1,2718,SOC,TEST-SC400-P5,,"sc run 400 5",10,Dut,sendCommand,0,,"PASS sc run 400 5",PERTOS,xVT,"A -> FA",,,,1
1,2719,SOC,TEST-SC402-P5,,"sc run 402 5",10,Dut,sendCommand,0,,"PASS sc run 402 5",PERTOS,xVT,"A -> FA",,,,1
1,2720,SOC,SET-PERF-0x4402246-P4,,"pmgr mode 0x4402246",5,Dut,sendCommand,0,,"PASS pmgr mode 0x4402246",PERTOS,xVT,AAB,,,,1
1,2721,SOC,TEST-SC34-P4,,"sc run 34 5",10,Dut,sendCommand,0,,"PASS sc run 34 5",PERTOS,xVT,"A -> FA",,,,1
1,2722,SOC,TEST-SC38-P4,,"sc run 38 5",100,Dut,sendCommand,0,,"PASS sc run 38 5",PERTOS,xVT,"A -> FA",,,,1
1,2723,SOC,TEST-SC39-P4,,"sc run 39 5",10,Dut,sendCommand,0,,"PASS sc run 39 5",PERTOS,xVT,"A -> FA",,,,1
1,2724,SOC,TEST-SC41-P4,,"sc run 41 5",10,Dut,sendCommand,0,,"PASS sc run 41 5",PERTOS,xVT,"A -> FA",,,,1
1,2725,SOC,TEST-SC400-P4,,"sc run 400 5",10,Dut,sendCommand,0,,"PASS sc run 400 5",PERTOS,xVT,"A -> FA",,,,1
1,2726,SOC,TEST-SC402-P4,,"sc run 402 5",10,Dut,sendCommand,0,,"PASS sc run 402 5",PERTOS,xVT,"A -> FA",,,,1
1,2727,SOC,SET-PERF-0x3302235-P3,,"pmgr mode 0x3302235",5,Dut,sendCommand,0,,"PASS pmgr mode 0x3302235",PERTOS,xVT,AAB,,,,1
1,2728,SOC,TEST-SC34-P3,,"sc run 34 5",10,Dut,sendCommand,0,,"PASS sc run 34 5",PERTOS,xVT,"A -> FA",,,,1
1,2729,SOC,TEST-SC38-P3,,"sc run 38 5",100,Dut,sendCommand,0,,"PASS sc run 38 5",PERTOS,xVT,"A -> FA",,,,1
1,2730,SOC,TEST-SC39-P3,,"sc run 39 5",10,Dut,sendCommand,0,,"PASS sc run 39 5",PERTOS,xVT,"A -> FA",,,,1
1,2731,SOC,TEST-SC41-P3,,"sc run 41 5",10,Dut,sendCommand,0,,"PASS sc run 41 5",PERTOS,xVT,"A -> FA",,,,1
1,2732,SOC,TEST-SC400-P3,,"sc run 400 5",10,Dut,sendCommand,0,,"PASS sc run 400 5",PERTOS,xVT,"A -> FA",,,,1
1,2733,SOC,TEST-SC402-P3,,"sc run 402 5",10,Dut,sendCommand,0,,"PASS sc run 402 5",PERTOS,xVT,"A -> FA",,,,1
1,2734,SOC,SET-PERF-0x2232235-P2,,"pmgr mode 0x2202235",5,Dut,sendCommand,0,,"PASS pmgr mode 0x2202235",PERTOS,xVT,AAB,,,,1
1,2735,SOC,TEST-SC34-P2,,"sc run 34 5",10,Dut,sendCommand,0,,"PASS sc run 34 5",PERTOS,xVT,"A -> FA",,,,1
1,2736,SOC,TEST-SC38-P2,,"sc run 38 5",100,Dut,sendCommand,0,,"PASS sc run 38 5",PERTOS,xVT,"A -> FA",,,,1
1,2737,SOC,TEST-SC39-P2,,"sc run 39 5",10,Dut,sendCommand,0,,"PASS sc run 39 5",PERTOS,xVT,"A -> FA",,,,1
1,2738,SOC,TEST-SC41-P2,,"sc run 41 5",10,Dut,sendCommand,0,,"PASS sc run 41 5",PERTOS,xVT,"A -> FA",,,,1
1,2739,SOC,TEST-SC400-P2,,"sc run 400 5",10,Dut,sendCommand,0,,"PASS sc run 400 5",PERTOS,xVT,"A -> FA",,,,1
1,2740,SOC,TEST-SC402-P2,,"sc run 402 5",10,Dut,sendCommand,0,,"PASS sc run 402 5",PERTOS,xVT,"A -> FA",,,,1
1,2741,SOC,SET-PERF-0x1102235-P1,,"pmgr mode 0x1102235",5,Dut,sendCommand,0,,"PASS pmgr mode 0x1102235",PERTOS,xVT,AAB,,,,1
1,2742,SOC,TEST-SC34-P1,,"sc run 34 5",10,Dut,sendCommand,0,,"PASS sc run 34 5",PERTOS,xVT,"A -> FA",,,,1
1,2743,SOC,TEST-SC38-P1,,"sc run 38 5",100,Dut,sendCommand,0,,"PASS sc run 38 5",PERTOS,xVT,"A -> FA",,,,1
1,2744,SOC,TEST-SC39-P1,,"sc run 39 5",10,Dut,sendCommand,0,,"PASS sc run 39 5",PERTOS,xVT,"A -> FA",,,,1
1,2745,SOC,TEST-SC41-P1,,"sc run 41 5",10,Dut,sendCommand,0,,"PASS sc run 41 5",PERTOS,xVT,"A -> FA",,,,1
1,2746,SOC,TEST-SC400-P1,,"sc run 400 5",10,Dut,sendCommand,0,,"PASS sc run 400 5",PERTOS,xVT,"A -> FA",,,,1
1,2747,SOC,TEST-SC402-P1,,"sc run 402 5",10,Dut,sendCommand,0,,"PASS sc run 402 5",PERTOS,xVT,"A -> FA",,,,1
1,2748,SOC,SET-ANS-FW-INIT,,"ans fw-init",60,Dut,sendCommand,0,,"PASS ans fw-init",PERTOS,xVT,AAB,,,,1
1,2749,SOC,ECHO-IP-TESTS,,"echo >>>> IP Tests <<<<",5,Rush,echo,0,,"PASS echo",PERTOS,xVT,AAB,,,,1
1,2750,SOC,SET-PERF-0x4402254,,"pmgr mode 0x4402254",5,Dut,sendCommand,0,,"PASS pmgr mode 0x4402254",PERTOS,xVT,AAB,,,,1
1,2751,SOC,TEST-SC20-S5,,"sc run 20 5",100,Dut,sendCommand,0,,"PASS sc run 20 5",PERTOS,xVT,"A -> FA",,,,1
1,2752,SOC,TEST-SC23-S5,,"sc run 23 5",100,Dut,sendCommand,0,,"PASS sc run 23 5",PERTOS,xVT,"A -> FA",,,,1
1,2753,SOC,TEST-SC24-S5,,"sc run 24 5",100,Dut,sendCommand,0,,"PASS sc run 24 5",PERTOS,xVT,"A -> FA",,,,1
1,2754,SOC,TEST-SC82-S5,,"sc run 82 5",100,Dut,sendCommand,0,,"PASS sc run 82 5",PERTOS,xVT,"A -> FA",,,,1
1,2755,SOC,TEST-SC83-S5,,"sc run 83 5",100,Dut,sendCommand,0,,"PASS sc run 83 5",PERTOS,xVT,"A -> FA",,,,1
1,2756,SOC,TEST-SC136-S5,,"sc run 136 5",100,Dut,sendCommand,0,,"PASS sc run 136 5",PERTOS,xVT,"A -> FA",,,,1
1,2757,SOC,TEST-SC137-S5,,"sc run 137 5",100,Dut,sendCommand,0,,"PASS sc run 137 5",PERTOS,xVT,"A -> FA",,,,1
1,2758,SOC,TEST-SC146-S5,,"sc run 146 5",100,Dut,sendCommand,0,,"PASS sc run 146 5",PERTOS,xVT,"A -> FA",,,,1
1,2759,SOC,TEST-SC153-S5,,"sc run 153 5",100,Dut,sendCommand,0,,"PASS sc run 153 5",PERTOS,xVT,"A -> FA",,,,1
1,2760,SOC,SET-PERF-0x4402244,,"pmgr mode 0x4402244",5,Dut,sendCommand,0,,"PASS pmgr mode 0x4402244",PERTOS,xVT,AAB,,,,1
1,2761,SOC,TEST-SC20-S4,,"sc run 20 5",100,Dut,sendCommand,0,,"PASS sc run 20 5",PERTOS,xVT,"A -> FA",,,,1
1,2762,SOC,TEST-SC23-S4,,"sc run 23 5",100,Dut,sendCommand,0,,"PASS sc run 23 5",PERTOS,xVT,"A -> FA",,,,1
1,2763,SOC,TEST-SC24-S4,,"sc run 24 5",100,Dut,sendCommand,0,,"PASS sc run 24 5",PERTOS,xVT,"A -> FA",,,,1
1,2764,SOC,TEST-SC82-S4,,"sc run 82 5",100,Dut,sendCommand,0,,"PASS sc run 82 5",PERTOS,xVT,"A -> FA",,,,1
1,2765,SOC,TEST-SC83-S4,,"sc run 83 5",100,Dut,sendCommand,0,,"PASS sc run 83 5",PERTOS,xVT,"A -> FA",,,,1
1,2766,SOC,TEST-SC136-S4,,"sc run 136 5",100,Dut,sendCommand,0,,"PASS sc run 136 5",PERTOS,xVT,"A -> FA",,,,1
1,2767,SOC,TEST-SC137-S4,,"sc run 137 5",100,Dut,sendCommand,0,,"PASS sc run 137 5",PERTOS,xVT,"A -> FA",,,,1
1,2768,SOC,TEST-SC146-S4,,"sc run 146 5",100,Dut,sendCommand,0,,"PASS sc run 146 5",PERTOS,xVT,"A -> FA",,,,1
1,2769,SOC,TEST-SC153-S4,,"sc run 153 5",100,Dut,sendCommand,0,,"PASS sc run 153 5",PERTOS,xVT,"A -> FA",,,,1
1,2770,SOC,SET-PERF-0x4402234,,"pmgr mode 0x4402234",5,Dut,sendCommand,0,,"PASS pmgr mode 0x4402234",PERTOS,xVT,"A -> FA",,,,1
1,2771,SOC,TEST-SC20-S3,,"sc run 20 5",100,Dut,sendCommand,0,,"PASS sc run 20 5",PERTOS,xVT,"A -> FA",,,,1
1,2772,SOC,TEST-SC23-S3,,"sc run 23 5",100,Dut,sendCommand,0,,"PASS sc run 23 5",PERTOS,xVT,"A -> FA",,,,1
1,2773,SOC,TEST-SC24-S3,,"sc run 24 5",100,Dut,sendCommand,0,,"PASS sc run 24 5",PERTOS,xVT,"A -> FA",,,,1
1,2774,SOC,TEST-SC82-S3,,"sc run 82 5",100,Dut,sendCommand,0,,"PASS sc run 82 5",PERTOS,xVT,"A -> FA",,,,1
1,2775,SOC,TEST-SC83-S3,,"sc run 83 5",100,Dut,sendCommand,0,,"PASS sc run 83 5",PERTOS,xVT,"A -> FA",,,,1
1,2776,SOC,TEST-SC136-S3,,"sc run 136 5",100,Dut,sendCommand,0,,"PASS sc run 136 5",PERTOS,xVT,"A -> FA",,,,1
1,2777,SOC,TEST-SC137-S3,,"sc run 137 5",100,Dut,sendCommand,0,,"PASS sc run 137 5",PERTOS,xVT,"A -> FA",,,,1
1,2778,SOC,TEST-SC146-S3,,"sc run 146 5",100,Dut,sendCommand,0,,"PASS sc run 146 5",PERTOS,xVT,"A -> FA",,,,1
1,2779,SOC,TEST-SC153-S3,,"sc run 153 5",100,Dut,sendCommand,0,,"PASS sc run 153 5",PERTOS,xVT,"A -> FA",,,,1
1,2780,SOC,SET-ANS-FREE-HEAP,,"ans free-heap",5,Dut,sendCommand,0,,"PASS ans free-heap",PERTOS,xVT,"A -> FA",,,,1
1,2781,SOC,SET-UT-DUMP2,,"ut all status show",60,Dut,sendCommand,0,,"PASS ut all status show",PERTOS,xVT,"A -> FA",,,,1
1,2782,SOC,SET-PERF-0x1102234-IP,,"pmgr mode 0x1102234",60,Dut,sendCommand,0,,"PASS pmgr mode 0x1102234",PERTOS,xVT,"A -> FA",,,,1
